DateKey,DistrictKey,Shift,PlannedTeams,AvailableTeams,IncidentCapacity
20251005,1,Morning,23,22,88
20251005,1,Evening,27,27,108
20251005,1,Night,15,15,60
20251005,2,Morning,11,11,44
20251005,2,Evening,20,18,72
20251005,2,Night,8,8,32
20251005,3,Morning,16,16,64
20251005,3,Evening,18,17,68
20251005,3,Night,8,8,32
20251005,4,Morning,14,14,56
20251005,4,Evening,20,20,80
20251005,4,Night,7,6,24
20251005,5,Morning,14,14,56
20251005,5,Evening,19,18,72
20251005,5,Night,6,6,24
20251005,6,Morning,15,14,56
20251005,6,Evening,18,17,68
20251005,6,Night,5,5,20
20251005,7,Morning,14,13,52
20251005,7,Evening,19,19,76
20251005,7,Night,6,6,24
20251005,8,Morning,14,14,56
20251005,8,Evening,17,17,68
20251005,8,Night,7,7,28
20251005,9,Morning,11,11,44
20251005,9,Evening,18,17,68
20251005,9,Night,8,7,28
20251005,10,Morning,14,14,56
20251005,10,Evening,19,19,76
20251005,10,Night,6,4,16
20251005,11,Morning,14,14,56
20251005,11,Evening,16,15,60
20251005,11,Night,8,8,32
20251005,12,Morning,15,15,60
20251005,12,Evening,17,16,64
20251005,12,Night,10,10,40
20251006,1,Morning,20,20,80
20251006,1,Evening,23,23,92
20251006,1,Night,15,14,56
20251006,2,Morning,12,12,48
20251006,2,Evening,19,19,76
20251006,2,Night,9,9,36
20251006,3,Morning,14,13,52
20251006,3,Evening,16,16,64
20251006,3,Night,11,11,44
20251006,4,Morning,16,14,56
20251006,4,Evening,16,16,64
20251006,4,Night,10,8,32
20251006,5,Morning,16,16,64
20251006,5,Evening,18,17,68
20251006,5,Night,7,7,28
20251006,6,Morning,13,12,48
20251006,6,Evening,19,19,76
20251006,6,Night,10,10,40
20251006,7,Morning,15,14,56
20251006,7,Evening,16,15,60
20251006,7,Night,9,8,32
20251006,8,Morning,12,12,48
20251006,8,Evening,17,17,68
20251006,8,Night,10,9,36
20251006,9,Morning,13,13,52
20251006,9,Evening,19,19,76
20251006,9,Night,8,7,28
20251006,10,Morning,14,14,56
20251006,10,Evening,18,18,72
20251006,10,Night,6,5,20
20251006,11,Morning,13,12,48
20251006,11,Evening,20,20,80
20251006,11,Night,7,6,24
20251006,12,Morning,12,12,48
20251006,12,Evening,19,19,76
20251006,12,Night,7,7,28
20251007,1,Morning,21,21,84
20251007,1,Evening,23,23,92
20251007,1,Night,15,15,60
20251007,2,Morning,16,16,64
20251007,2,Evening,19,18,72
20251007,2,Night,8,7,28
20251007,3,Morning,14,14,56
20251007,3,Evening,16,16,64
20251007,3,Night,7,6,24
20251007,4,Morning,14,13,52
20251007,4,Evening,18,18,72
20251007,4,Night,7,7,28
20251007,5,Morning,13,13,52
20251007,5,Evening,16,16,64
20251007,5,Night,11,10,40
20251007,6,Morning,14,13,52
20251007,6,Evening,16,16,64
20251007,6,Night,10,10,40
20251007,7,Morning,15,14,56
20251007,7,Evening,16,16,64
20251007,7,Night,9,7,28
20251007,8,Morning,12,12,48
20251007,8,Evening,18,17,68
20251007,8,Night,8,8,32
20251007,9,Morning,14,14,56
20251007,9,Evening,17,16,64
20251007,9,Night,9,9,36
20251007,10,Morning,12,12,48
20251007,10,Evening,19,19,76
20251007,10,Night,6,5,20
20251007,11,Morning,15,14,56
20251007,11,Evening,20,20,80
20251007,11,Night,7,7,28
20251007,12,Morning,11,10,40
20251007,12,Evening,18,18,72
20251007,12,Night,7,7,28
20251008,1,Morning,21,21,84
20251008,1,Evening,24,24,96
20251008,1,Night,15,14,56
20251008,2,Morning,13,13,52
20251008,2,Evening,17,16,64
20251008,2,Night,7,7,28
20251008,3,Morning,16,14,56
20251008,3,Evening,20,19,76
20251008,3,Night,8,7,28
20251008,4,Morning,12,12,48
20251008,4,Evening,17,16,64
20251008,4,Night,8,8,32
20251008,5,Morning,14,13,52
20251008,5,Evening,14,13,52
20251008,5,Night,9,8,32
20251008,6,Morning,14,13,52
20251008,6,Evening,20,19,76
20251008,6,Night,10,10,40
20251008,7,Morning,15,15,60
20251008,7,Evening,19,18,72
20251008,7,Night,4,4,16
20251008,8,Morning,12,11,44
20251008,8,Evening,16,16,64
20251008,8,Night,6,6,24
20251008,9,Morning,12,12,48
20251008,9,Evening,16,16,64
20251008,9,Night,9,8,32
20251008,10,Morning,16,16,64
20251008,10,Evening,19,19,76
20251008,10,Night,10,10,40
20251008,11,Morning,12,12,48
20251008,11,Evening,19,18,72
20251008,11,Night,9,8,32
20251008,12,Morning,14,14,56
20251008,12,Evening,18,18,72
20251008,12,Night,10,10,40
20251009,1,Morning,21,19,76
20251009,1,Evening,25,25,100
20251009,1,Night,16,16,64
20251009,2,Morning,13,11,44
20251009,2,Evening,18,18,72
20251009,2,Night,9,9,36
20251009,3,Morning,13,13,52
20251009,3,Evening,18,17,68
20251009,3,Night,6,6,24
20251009,4,Morning,13,13,52
20251009,4,Evening,20,20,80
20251009,4,Night,9,9,36
20251009,5,Morning,11,11,44
20251009,5,Evening,18,17,68
20251009,5,Night,7,7,28
20251009,6,Morning,15,14,56
20251009,6,Evening,20,20,80
20251009,6,Night,11,11,44
20251009,7,Morning,13,12,48
20251009,7,Evening,18,18,72
20251009,7,Night,6,5,20
20251009,8,Morning,15,14,56
20251009,8,Evening,18,18,72
20251009,8,Night,8,8,32
20251009,9,Morning,12,12,48
20251009,9,Evening,16,16,64
20251009,9,Night,7,7,28
20251009,10,Morning,12,11,44
20251009,10,Evening,18,18,72
20251009,10,Night,7,7,28
20251009,11,Morning,14,13,52
20251009,11,Evening,15,15,60
20251009,11,Night,8,8,32
20251009,12,Morning,14,14,56
20251009,12,Evening,18,18,72
20251009,12,Night,9,9,36
20251010,1,Morning,23,23,92
20251010,1,Evening,23,23,92
20251010,1,Night,16,16,64
20251010,2,Morning,18,18,72
20251010,2,Evening,17,17,68
20251010,2,Night,11,11,44
20251010,3,Morning,11,11,44
20251010,3,Evening,14,14,56
20251010,3,Night,7,6,24
20251010,4,Morning,14,14,56
20251010,4,Evening,17,17,68
20251010,4,Night,9,9,36
20251010,5,Morning,14,13,52
20251010,5,Evening,17,17,68
20251010,5,Night,7,7,28
20251010,6,Morning,15,15,60
20251010,6,Evening,19,18,72
20251010,6,Night,7,7,28
20251010,7,Morning,14,13,52
20251010,7,Evening,18,18,72
20251010,7,Night,8,7,28
20251010,8,Morning,13,13,52
20251010,8,Evening,16,15,60
20251010,8,Night,8,7,28
20251010,9,Morning,18,18,72
20251010,9,Evening,20,20,80
20251010,9,Night,10,10,40
20251010,10,Morning,14,13,52
20251010,10,Evening,19,19,76
20251010,10,Night,9,7,28
20251010,11,Morning,12,12,48
20251010,11,Evening,17,17,68
20251010,11,Night,9,8,32
20251010,12,Morning,15,14,56
20251010,12,Evening,19,18,72
20251010,12,Night,8,8,32
20251011,1,Morning,23,22,88
20251011,1,Evening,25,25,100
20251011,1,Night,16,15,60
20251011,2,Morning,17,17,68
20251011,2,Evening,20,20,80
20251011,2,Night,7,7,28
20251011,3,Morning,14,14,56
20251011,3,Evening,18,18,72
20251011,3,Night,9,9,36
20251011,4,Morning,13,13,52
20251011,4,Evening,17,16,64
20251011,4,Night,5,5,20
20251011,5,Morning,13,12,48
20251011,5,Evening,18,16,64
20251011,5,Night,7,7,28
20251011,6,Morning,15,15,60
20251011,6,Evening,18,18,72
20251011,6,Night,7,7,28
20251011,7,Morning,13,13,52
20251011,7,Evening,19,19,76
20251011,7,Night,7,7,28
20251011,8,Morning,16,16,64
20251011,8,Evening,19,18,72
20251011,8,Night,7,6,24
20251011,9,Morning,13,12,48
20251011,9,Evening,19,19,76
20251011,9,Night,7,7,28
20251011,10,Morning,13,13,52
20251011,10,Evening,18,17,68
20251011,10,Night,8,8,32
20251011,11,Morning,12,12,48
20251011,11,Evening,20,20,80
20251011,11,Night,7,6,24
20251011,12,Morning,17,16,64
20251011,12,Evening,18,17,68
20251011,12,Night,7,7,28
20251012,1,Morning,22,22,88
20251012,1,Evening,24,24,96
20251012,1,Night,14,14,56
20251012,2,Morning,14,13,52
20251012,2,Evening,21,21,84
20251012,2,Night,5,5,20
20251012,3,Morning,13,13,52
20251012,3,Evening,20,20,80
20251012,3,Night,7,7,28
20251012,4,Morning,15,15,60
20251012,4,Evening,20,19,76
20251012,4,Night,7,7,28
20251012,5,Morning,11,11,44
20251012,5,Evening,18,18,72
20251012,5,Night,8,8,32
20251012,6,Morning,15,14,56
20251012,6,Evening,19,18,72
20251012,6,Night,8,6,24
20251012,7,Morning,11,10,40
20251012,7,Evening,18,18,72
20251012,7,Night,6,5,20
20251012,8,Morning,14,13,52
20251012,8,Evening,16,16,64
20251012,8,Night,7,7,28
20251012,9,Morning,14,13,52
20251012,9,Evening,18,18,72
20251012,9,Night,9,8,32
20251012,10,Morning,15,15,60
20251012,10,Evening,18,18,72
20251012,10,Night,9,8,32
20251012,11,Morning,14,14,56
20251012,11,Evening,16,15,60
20251012,11,Night,7,7,28
20251012,12,Morning,14,14,56
20251012,12,Evening,19,19,76
20251012,12,Night,8,7,28
20251013,1,Morning,20,19,76
20251013,1,Evening,24,24,96
20251013,1,Night,15,14,56
20251013,2,Morning,15,14,56
20251013,2,Evening,18,17,68
20251013,2,Night,7,7,28
20251013,3,Morning,15,14,56
20251013,3,Evening,20,18,72
20251013,3,Night,6,6,24
20251013,4,Morning,16,16,64
20251013,4,Evening,19,19,76
20251013,4,Night,7,6,24
20251013,5,Morning,13,13,52
20251013,5,Evening,16,15,60
20251013,5,Night,9,9,36
20251013,6,Morning,16,16,64
20251013,6,Evening,15,15,60
20251013,6,Night,8,7,28
20251013,7,Morning,14,14,56
20251013,7,Evening,16,16,64
20251013,7,Night,8,7,28
20251013,8,Morning,17,17,68
20251013,8,Evening,16,16,64
20251013,8,Night,8,8,32
20251013,9,Morning,13,13,52
20251013,9,Evening,18,18,72
20251013,9,Night,6,6,24
20251013,10,Morning,14,13,52
20251013,10,Evening,16,16,64
20251013,10,Night,7,6,24
20251013,11,Morning,16,16,64
20251013,11,Evening,20,20,80
20251013,11,Night,9,7,28
20251013,12,Morning,15,15,60
20251013,12,Evening,18,18,72
20251013,12,Night,8,7,28
20251014,1,Morning,21,21,84
20251014,1,Evening,27,27,108
20251014,1,Night,13,13,52
20251014,2,Morning,13,13,52
20251014,2,Evening,18,18,72
20251014,2,Night,6,6,24
20251014,3,Morning,14,14,56
20251014,3,Evening,15,15,60
20251014,3,Night,7,6,24
20251014,4,Morning,15,15,60
20251014,4,Evening,18,18,72
20251014,4,Night,6,6,24
20251014,5,Morning,14,14,56
20251014,5,Evening,16,16,64
20251014,5,Night,8,8,32
20251014,6,Morning,13,13,52
20251014,6,Evening,18,18,72
20251014,6,Night,10,9,36
20251014,7,Morning,13,13,52
20251014,7,Evening,18,18,72
20251014,7,Night,9,9,36
20251014,8,Morning,15,15,60
20251014,8,Evening,18,18,72
20251014,8,Night,6,5,20
20251014,9,Morning,16,16,64
20251014,9,Evening,21,21,84
20251014,9,Night,7,6,24
20251014,10,Morning,14,14,56
20251014,10,Evening,18,17,68
20251014,10,Night,7,7,28
20251014,11,Morning,16,15,60
20251014,11,Evening,18,18,72
20251014,11,Night,7,7,28
20251014,12,Morning,14,14,56
20251014,12,Evening,17,16,64
20251014,12,Night,7,7,28
20251015,1,Morning,18,18,72
20251015,1,Evening,23,23,92
20251015,1,Night,16,16,64
20251015,2,Morning,14,14,56
20251015,2,Evening,18,18,72
20251015,2,Night,11,11,44
20251015,3,Morning,14,14,56
20251015,3,Evening,17,16,64
20251015,3,Night,8,8,32
20251015,4,Morning,15,14,56
20251015,4,Evening,19,19,76
20251015,4,Night,9,8,32
20251015,5,Morning,15,14,56
20251015,5,Evening,18,17,68
20251015,5,Night,8,6,24
20251015,6,Morning,16,15,60
20251015,6,Evening,20,18,72
20251015,6,Night,9,8,32
20251015,7,Morning,15,15,60
20251015,7,Evening,18,18,72
20251015,7,Night,8,8,32
20251015,8,Morning,15,14,56
20251015,8,Evening,20,20,80
20251015,8,Night,6,6,24
20251015,9,Morning,13,12,48
20251015,9,Evening,22,22,88
20251015,9,Night,10,10,40
20251015,10,Morning,14,14,56
20251015,10,Evening,16,14,56
20251015,10,Night,9,8,32
20251015,11,Morning,14,14,56
20251015,11,Evening,16,14,56
20251015,11,Night,7,7,28
20251015,12,Morning,13,13,52
20251015,12,Evening,17,16,64
20251015,12,Night,6,6,24
20251016,1,Morning,21,20,80
20251016,1,Evening,21,20,80
20251016,1,Night,14,14,56
20251016,2,Morning,16,16,64
20251016,2,Evening,21,21,84
20251016,2,Night,8,8,32
20251016,3,Morning,16,15,60
20251016,3,Evening,15,14,56
20251016,3,Night,10,9,36
20251016,4,Morning,12,12,48
20251016,4,Evening,19,19,76
20251016,4,Night,9,8,32
20251016,5,Morning,15,15,60
20251016,5,Evening,17,17,68
20251016,5,Night,7,5,20
20251016,6,Morning,17,17,68
20251016,6,Evening,20,20,80
20251016,6,Night,11,11,44
20251016,7,Morning,14,13,52
20251016,7,Evening,19,19,76
20251016,7,Night,6,6,24
20251016,8,Morning,18,18,72
20251016,8,Evening,19,18,72
20251016,8,Night,7,6,24
20251016,9,Morning,13,13,52
20251016,9,Evening,18,18,72
20251016,9,Night,9,9,36
20251016,10,Morning,15,15,60
20251016,10,Evening,19,19,76
20251016,10,Night,8,7,28
20251016,11,Morning,11,11,44
20251016,11,Evening,21,19,76
20251016,11,Night,7,7,28
20251016,12,Morning,15,15,60
20251016,12,Evening,18,18,72
20251016,12,Night,8,8,32
20251017,1,Morning,20,20,80
20251017,1,Evening,24,23,92
20251017,1,Night,15,15,60
20251017,2,Morning,11,10,40
20251017,2,Evening,17,17,68
20251017,2,Night,8,7,28
20251017,3,Morning,17,16,64
20251017,3,Evening,16,16,64
20251017,3,Night,7,6,24
20251017,4,Morning,12,12,48
20251017,4,Evening,17,17,68
20251017,4,Night,8,8,32
20251017,5,Morning,14,14,56
20251017,5,Evening,16,15,60
20251017,5,Night,7,7,28
20251017,6,Morning,14,13,52
20251017,6,Evening,18,17,68
20251017,6,Night,7,5,20
20251017,7,Morning,14,14,56
20251017,7,Evening,18,18,72
20251017,7,Night,7,7,28
20251017,8,Morning,13,13,52
20251017,8,Evening,20,19,76
20251017,8,Night,9,9,36
20251017,9,Morning,12,12,48
20251017,9,Evening,19,18,72
20251017,9,Night,6,6,24
20251017,10,Morning,17,16,64
20251017,10,Evening,16,15,60
20251017,10,Night,7,6,24
20251017,11,Morning,12,12,48
20251017,11,Evening,18,18,72
20251017,11,Night,9,8,32
20251017,12,Morning,17,17,68
20251017,12,Evening,20,20,80
20251017,12,Night,7,7,28
20251018,1,Morning,21,20,80
20251018,1,Evening,23,23,92
20251018,1,Night,16,15,60
20251018,2,Morning,12,11,44
20251018,2,Evening,19,19,76
20251018,2,Night,9,8,32
20251018,3,Morning,15,15,60
20251018,3,Evening,19,18,72
20251018,3,Night,8,8,32
20251018,4,Morning,17,17,68
20251018,4,Evening,18,17,68
20251018,4,Night,11,11,44
20251018,5,Morning,14,14,56
20251018,5,Evening,21,21,84
20251018,5,Night,8,7,28
20251018,6,Morning,15,14,56
20251018,6,Evening,18,18,72
20251018,6,Night,6,5,20
20251018,7,Morning,13,13,52
20251018,7,Evening,17,16,64
20251018,7,Night,8,8,32
20251018,8,Morning,17,17,68
20251018,8,Evening,17,16,64
20251018,8,Night,9,7,28
20251018,9,Morning,18,17,68
20251018,9,Evening,16,16,64
20251018,9,Night,12,12,48
20251018,10,Morning,12,12,48
20251018,10,Evening,17,17,68
20251018,10,Night,8,8,32
20251018,11,Morning,16,14,56
20251018,11,Evening,19,19,76
20251018,11,Night,8,7,28
20251018,12,Morning,13,12,48
20251018,12,Evening,17,17,68
20251018,12,Night,8,7,28
20251019,1,Morning,19,19,76
20251019,1,Evening,24,24,96
20251019,1,Night,15,14,56
20251019,2,Morning,12,12,48
20251019,2,Evening,19,19,76
20251019,2,Night,8,7,28
20251019,3,Morning,15,15,60
20251019,3,Evening,19,18,72
20251019,3,Night,7,7,28
20251019,4,Morning,14,14,56
20251019,4,Evening,15,15,60
20251019,4,Night,8,7,28
20251019,5,Morning,15,15,60
20251019,5,Evening,19,18,72
20251019,5,Night,8,8,32
20251019,6,Morning,12,11,44
20251019,6,Evening,17,17,68
20251019,6,Night,7,5,20
20251019,7,Morning,13,11,44
20251019,7,Evening,18,17,68
20251019,7,Night,9,9,36
20251019,8,Morning,12,12,48
20251019,8,Evening,19,19,76
20251019,8,Night,9,8,32
20251019,9,Morning,14,14,56
20251019,9,Evening,20,20,80
20251019,9,Night,7,6,24
20251019,10,Morning,13,12,48
20251019,10,Evening,19,19,76
20251019,10,Night,8,8,32
20251019,11,Morning,16,16,64
20251019,11,Evening,20,19,76
20251019,11,Night,9,9,36
20251019,12,Morning,13,13,52
20251019,12,Evening,17,16,64
20251019,12,Night,5,5,20
20251020,1,Morning,20,20,80
20251020,1,Evening,23,23,92
20251020,1,Night,14,12,48
20251020,2,Morning,13,13,52
20251020,2,Evening,19,19,76
20251020,2,Night,8,8,32
20251020,3,Morning,13,12,48
20251020,3,Evening,19,19,76
20251020,3,Night,7,6,24
20251020,4,Morning,14,13,52
20251020,4,Evening,18,17,68
20251020,4,Night,8,8,32
20251020,5,Morning,12,12,48
20251020,5,Evening,16,16,64
20251020,5,Night,7,7,28
20251020,6,Morning,13,12,48
20251020,6,Evening,13,13,52
20251020,6,Night,10,9,36
20251020,7,Morning,13,12,48
20251020,7,Evening,17,17,68
20251020,7,Night,9,9,36
20251020,8,Morning,12,11,44
20251020,8,Evening,16,15,60
20251020,8,Night,8,7,28
20251020,9,Morning,14,14,56
20251020,9,Evening,17,17,68
20251020,9,Night,7,7,28
20251020,10,Morning,15,15,60
20251020,10,Evening,18,18,72
20251020,10,Night,7,7,28
20251020,11,Morning,16,15,60
20251020,11,Evening,15,15,60
20251020,11,Night,8,8,32
20251020,12,Morning,16,15,60
20251020,12,Evening,17,17,68
20251020,12,Night,8,8,32
20251021,1,Morning,18,17,68
20251021,1,Evening,25,25,100
20251021,1,Night,14,13,52
20251021,2,Morning,13,13,52
20251021,2,Evening,17,17,68
20251021,2,Night,7,7,28
20251021,3,Morning,14,13,52
20251021,3,Evening,15,14,56
20251021,3,Night,8,7,28
20251021,4,Morning,15,15,60
20251021,4,Evening,14,14,56
20251021,4,Night,9,9,36
20251021,5,Morning,11,11,44
20251021,5,Evening,16,16,64
20251021,5,Night,10,10,40
20251021,6,Morning,15,15,60
20251021,6,Evening,17,17,68
20251021,6,Night,7,6,24
20251021,7,Morning,11,11,44
20251021,7,Evening,20,20,80
20251021,7,Night,10,10,40
20251021,8,Morning,15,15,60
20251021,8,Evening,18,18,72
20251021,8,Night,8,8,32
20251021,9,Morning,12,11,44
20251021,9,Evening,18,17,68
20251021,9,Night,8,8,32
20251021,10,Morning,13,12,48
20251021,10,Evening,18,18,72
20251021,10,Night,7,7,28
20251021,11,Morning,12,11,44
20251021,11,Evening,18,17,68
20251021,11,Night,9,8,32
20251021,12,Morning,15,14,56
20251021,12,Evening,18,18,72
20251021,12,Night,7,6,24
20251022,1,Morning,21,21,84
20251022,1,Evening,25,25,100
20251022,1,Night,14,14,56
20251022,2,Morning,16,16,64
20251022,2,Evening,19,19,76
20251022,2,Night,10,10,40
20251022,3,Morning,15,13,52
20251022,3,Evening,18,17,68
20251022,3,Night,8,8,32
20251022,4,Morning,14,13,52
20251022,4,Evening,17,16,64
20251022,4,Night,8,8,32
20251022,5,Morning,13,13,52
20251022,5,Evening,19,18,72
20251022,5,Night,8,8,32
20251022,6,Morning,15,15,60
20251022,6,Evening,20,20,80
20251022,6,Night,7,6,24
20251022,7,Morning,15,14,56
20251022,7,Evening,20,19,76
20251022,7,Night,7,7,28
20251022,8,Morning,14,14,56
20251022,8,Evening,19,18,72
20251022,8,Night,8,7,28
20251022,9,Morning,15,14,56
20251022,9,Evening,18,18,72
20251022,9,Night,7,6,24
20251022,10,Morning,14,13,52
20251022,10,Evening,19,19,76
20251022,10,Night,11,10,40
20251022,11,Morning,12,12,48
20251022,11,Evening,17,16,64
20251022,11,Night,4,3,12
20251022,12,Morning,15,15,60
20251022,12,Evening,17,16,64
20251022,12,Night,5,5,20
20251023,1,Morning,20,20,80
20251023,1,Evening,25,24,96
20251023,1,Night,13,12,48
20251023,2,Morning,13,13,52
20251023,2,Evening,17,16,64
20251023,2,Night,6,5,20
20251023,3,Morning,14,14,56
20251023,3,Evening,17,16,64
20251023,3,Night,9,9,36
20251023,4,Morning,13,12,48
20251023,4,Evening,17,17,68
20251023,4,Night,9,9,36
20251023,5,Morning,15,15,60
20251023,5,Evening,18,18,72
20251023,5,Night,9,9,36
20251023,6,Morning,16,15,60
20251023,6,Evening,18,18,72
20251023,6,Night,8,8,32
20251023,7,Morning,14,14,56
20251023,7,Evening,20,20,80
20251023,7,Night,7,7,28
20251023,8,Morning,13,13,52
20251023,8,Evening,13,13,52
20251023,8,Night,10,10,40
20251023,9,Morning,14,14,56
20251023,9,Evening,19,19,76
20251023,9,Night,4,3,12
20251023,10,Morning,15,14,56
20251023,10,Evening,18,18,72
20251023,10,Night,8,8,32
20251023,11,Morning,12,12,48
20251023,11,Evening,18,17,68
20251023,11,Night,6,6,24
20251023,12,Morning,14,13,52
20251023,12,Evening,18,17,68
20251023,12,Night,8,8,32
20251024,1,Morning,23,22,88
20251024,1,Evening,26,26,104
20251024,1,Night,15,15,60
20251024,2,Morning,12,12,48
20251024,2,Evening,18,18,72
20251024,2,Night,10,10,40
20251024,3,Morning,15,14,56
20251024,3,Evening,16,15,60
20251024,3,Night,9,9,36
20251024,4,Morning,15,14,56
20251024,4,Evening,18,18,72
20251024,4,Night,10,9,36
20251024,5,Morning,17,17,68
20251024,5,Evening,18,18,72
20251024,5,Night,7,7,28
20251024,6,Morning,14,14,56
20251024,6,Evening,15,14,56
20251024,6,Night,9,9,36
20251024,7,Morning,15,14,56
20251024,7,Evening,19,19,76
20251024,7,Night,6,6,24
20251024,8,Morning,17,17,68
20251024,8,Evening,18,18,72
20251024,8,Night,6,6,24
20251024,9,Morning,16,14,56
20251024,9,Evening,17,17,68
20251024,9,Night,9,9,36
20251024,10,Morning,13,13,52
20251024,10,Evening,17,16,64
20251024,10,Night,7,6,24
20251024,11,Morning,14,14,56
20251024,11,Evening,18,17,68
20251024,11,Night,5,5,20
20251024,12,Morning,12,12,48
20251024,12,Evening,16,15,60
20251024,12,Night,8,7,28
20251025,1,Morning,20,19,76
20251025,1,Evening,29,29,116
20251025,1,Night,15,13,52
20251025,2,Morning,12,12,48
20251025,2,Evening,17,17,68
20251025,2,Night,10,10,40
20251025,3,Morning,13,13,52
20251025,3,Evening,18,17,68
20251025,3,Night,8,8,32
20251025,4,Morning,12,12,48
20251025,4,Evening,19,18,72
20251025,4,Night,8,6,24
20251025,5,Morning,16,15,60
20251025,5,Evening,16,16,64
20251025,5,Night,6,4,16
20251025,6,Morning,15,15,60
20251025,6,Evening,15,15,60
20251025,6,Night,9,9,36
20251025,7,Morning,13,13,52
20251025,7,Evening,20,20,80
20251025,7,Night,8,8,32
20251025,8,Morning,12,12,48
20251025,8,Evening,18,18,72
20251025,8,Night,8,8,32
20251025,9,Morning,15,15,60
20251025,9,Evening,19,19,76
20251025,9,Night,8,8,32
20251025,10,Morning,14,14,56
20251025,10,Evening,19,19,76
20251025,10,Night,8,8,32
20251025,11,Morning,14,14,56
20251025,11,Evening,18,18,72
20251025,11,Night,8,8,32
20251025,12,Morning,13,12,48
20251025,12,Evening,19,18,72
20251025,12,Night,7,6,24
20251026,1,Morning,18,18,72
20251026,1,Evening,25,23,92
20251026,1,Night,17,17,68
20251026,2,Morning,14,14,56
20251026,2,Evening,17,16,64
20251026,2,Night,9,8,32
20251026,3,Morning,16,16,64
20251026,3,Evening,20,20,80
20251026,3,Night,8,8,32
20251026,4,Morning,12,12,48
20251026,4,Evening,19,19,76
20251026,4,Night,10,10,40
20251026,5,Morning,13,13,52
20251026,5,Evening,18,17,68
20251026,5,Night,8,7,28
20251026,6,Morning,12,12,48
20251026,6,Evening,19,19,76
20251026,6,Night,11,9,36
20251026,7,Morning,15,14,56
20251026,7,Evening,19,18,72
20251026,7,Night,5,4,16
20251026,8,Morning,14,14,56
20251026,8,Evening,18,18,72
20251026,8,Night,8,8,32
20251026,9,Morning,12,11,44
20251026,9,Evening,17,17,68
20251026,9,Night,7,6,24
20251026,10,Morning,13,13,52
20251026,10,Evening,16,16,64
20251026,10,Night,5,5,20
20251026,11,Morning,15,14,56
20251026,11,Evening,17,16,64
20251026,11,Night,7,6,24
20251026,12,Morning,15,15,60
20251026,12,Evening,18,18,72
20251026,12,Night,7,7,28
20251027,1,Morning,21,21,84
20251027,1,Evening,27,26,104
20251027,1,Night,13,13,52
20251027,2,Morning,13,13,52
20251027,2,Evening,20,20,80
20251027,2,Night,7,6,24
20251027,3,Morning,13,12,48
20251027,3,Evening,16,15,60
20251027,3,Night,8,7,28
20251027,4,Morning,16,16,64
20251027,4,Evening,15,14,56
20251027,4,Night,8,8,32
20251027,5,Morning,13,13,52
20251027,5,Evening,17,17,68
20251027,5,Night,7,6,24
20251027,6,Morning,11,11,44
20251027,6,Evening,19,19,76
20251027,6,Night,6,5,20
20251027,7,Morning,15,14,56
20251027,7,Evening,19,19,76
20251027,7,Night,8,7,28
20251027,8,Morning,13,13,52
20251027,8,Evening,18,18,72
20251027,8,Night,7,7,28
20251027,9,Morning,13,12,48
20251027,9,Evening,19,19,76
20251027,9,Night,7,7,28
20251027,10,Morning,13,12,48
20251027,10,Evening,18,17,68
20251027,10,Night,9,9,36
20251027,11,Morning,12,12,48
20251027,11,Evening,21,21,84
20251027,11,Night,8,8,32
20251027,12,Morning,12,12,48
20251027,12,Evening,20,19,76
20251027,12,Night,11,11,44
20251028,1,Morning,20,20,80
20251028,1,Evening,22,22,88
20251028,1,Night,13,13,52
20251028,2,Morning,13,13,52
20251028,2,Evening,19,19,76
20251028,2,Night,9,8,32
20251028,3,Morning,13,12,48
20251028,3,Evening,18,18,72
20251028,3,Night,8,7,28
20251028,4,Morning,12,12,48
20251028,4,Evening,18,17,68
20251028,4,Night,9,9,36
20251028,5,Morning,14,14,56
20251028,5,Evening,19,19,76
20251028,5,Night,10,10,40
20251028,6,Morning,16,15,60
20251028,6,Evening,17,17,68
20251028,6,Night,9,9,36
20251028,7,Morning,15,15,60
20251028,7,Evening,19,19,76
20251028,7,Night,7,5,20
20251028,8,Morning,15,13,52
20251028,8,Evening,22,21,84
20251028,8,Night,6,5,20
20251028,9,Morning,14,13,52
20251028,9,Evening,20,20,80
20251028,9,Night,9,9,36
20251028,10,Morning,14,14,56
20251028,10,Evening,17,17,68
20251028,10,Night,6,6,24
20251028,11,Morning,13,13,52
20251028,11,Evening,17,17,68
20251028,11,Night,6,6,24
20251028,12,Morning,13,13,52
20251028,12,Evening,16,16,64
20251028,12,Night,7,7,28
20251029,1,Morning,18,18,72
20251029,1,Evening,22,22,88
20251029,1,Night,17,16,64
20251029,2,Morning,12,11,44
20251029,2,Evening,21,21,84
20251029,2,Night,8,8,32
20251029,3,Morning,15,14,56
20251029,3,Evening,16,16,64
20251029,3,Night,6,6,24
20251029,4,Morning,16,16,64
20251029,4,Evening,18,18,72
20251029,4,Night,10,10,40
20251029,5,Morning,14,13,52
20251029,5,Evening,17,17,68
20251029,5,Night,9,9,36
20251029,6,Morning,15,14,56
20251029,6,Evening,17,16,64
20251029,6,Night,8,7,28
20251029,7,Morning,12,12,48
20251029,7,Evening,18,17,68
20251029,7,Night,5,5,20
20251029,8,Morning,13,13,52
20251029,8,Evening,17,17,68
20251029,8,Night,7,7,28
20251029,9,Morning,16,15,60
20251029,9,Evening,17,16,64
20251029,9,Night,9,9,36
20251029,10,Morning,13,13,52
20251029,10,Evening,18,18,72
20251029,10,Night,10,9,36
20251029,11,Morning,14,12,48
20251029,11,Evening,16,16,64
20251029,11,Night,9,9,36
20251029,12,Morning,15,14,56
20251029,12,Evening,19,18,72
20251029,12,Night,6,6,24
20251030,1,Morning,21,21,84
20251030,1,Evening,25,25,100
20251030,1,Night,12,12,48
20251030,2,Morning,13,13,52
20251030,2,Evening,18,18,72
20251030,2,Night,4,4,16
20251030,3,Morning,14,13,52
20251030,3,Evening,16,15,60
20251030,3,Night,8,8,32
20251030,4,Morning,14,14,56
20251030,4,Evening,18,17,68
20251030,4,Night,7,7,28
20251030,5,Morning,12,12,48
20251030,5,Evening,21,19,76
20251030,5,Night,8,7,28
20251030,6,Morning,13,12,48
20251030,6,Evening,19,19,76
20251030,6,Night,7,6,24
20251030,7,Morning,16,16,64
20251030,7,Evening,17,17,68
20251030,7,Night,9,8,32
20251030,8,Morning,17,17,68
20251030,8,Evening,17,17,68
20251030,8,Night,8,6,24
20251030,9,Morning,13,13,52
20251030,9,Evening,20,19,76
20251030,9,Night,6,5,20
20251030,10,Morning,16,16,64
20251030,10,Evening,17,17,68
20251030,10,Night,8,8,32
20251030,11,Morning,14,13,52
20251030,11,Evening,19,19,76
20251030,11,Night,8,8,32
20251030,12,Morning,13,13,52
20251030,12,Evening,15,15,60
20251030,12,Night,7,7,28
20251031,1,Morning,21,21,84
20251031,1,Evening,24,24,96
20251031,1,Night,17,17,68
20251031,2,Morning,15,15,60
20251031,2,Evening,18,18,72
20251031,2,Night,9,8,32
20251031,3,Morning,15,14,56
20251031,3,Evening,19,19,76
20251031,3,Night,7,6,24
20251031,4,Morning,13,12,48
20251031,4,Evening,15,15,60
20251031,4,Night,8,7,28
20251031,5,Morning,13,12,48
20251031,5,Evening,18,18,72
20251031,5,Night,9,9,36
20251031,6,Morning,14,14,56
20251031,6,Evening,16,16,64
20251031,6,Night,6,6,24
20251031,7,Morning,14,14,56
20251031,7,Evening,19,19,76
20251031,7,Night,8,7,28
20251031,8,Morning,14,14,56
20251031,8,Evening,16,15,60
20251031,8,Night,7,6,24
20251031,9,Morning,13,13,52
20251031,9,Evening,19,19,76
20251031,9,Night,8,8,32
20251031,10,Morning,13,13,52
20251031,10,Evening,17,17,68
20251031,10,Night,9,9,36
20251031,11,Morning,15,15,60
20251031,11,Evening,17,17,68
20251031,11,Night,5,5,20
20251031,12,Morning,17,16,64
20251031,12,Evening,16,15,60
20251031,12,Night,8,8,32
20251101,1,Morning,22,22,88
20251101,1,Evening,25,25,100
20251101,1,Night,18,18,72
20251101,2,Morning,12,12,48
20251101,2,Evening,19,18,72
20251101,2,Night,9,9,36
20251101,3,Morning,13,13,52
20251101,3,Evening,15,15,60
20251101,3,Night,9,8,32
20251101,4,Morning,14,13,52
20251101,4,Evening,18,18,72
20251101,4,Night,8,7,28
20251101,5,Morning,17,17,68
20251101,5,Evening,19,18,72
20251101,5,Night,8,8,32
20251101,6,Morning,12,11,44
20251101,6,Evening,18,17,68
20251101,6,Night,9,9,36
20251101,7,Morning,14,14,56
20251101,7,Evening,19,19,76
20251101,7,Night,6,6,24
20251101,8,Morning,13,12,48
20251101,8,Evening,17,16,64
20251101,8,Night,8,8,32
20251101,9,Morning,13,12,48
20251101,9,Evening,19,18,72
20251101,9,Night,7,7,28
20251101,10,Morning,16,14,56
20251101,10,Evening,17,17,68
20251101,10,Night,8,8,32
20251101,11,Morning,13,13,52
20251101,11,Evening,19,19,76
20251101,11,Night,10,10,40
20251101,12,Morning,14,14,56
20251101,12,Evening,17,16,64
20251101,12,Night,8,8,32
20251102,1,Morning,20,18,72
20251102,1,Evening,26,26,104
20251102,1,Night,14,13,52
20251102,2,Morning,14,14,56
20251102,2,Evening,19,18,72
20251102,2,Night,7,6,24
20251102,3,Morning,15,14,56
20251102,3,Evening,16,16,64
20251102,3,Night,10,10,40
20251102,4,Morning,15,14,56
20251102,4,Evening,19,17,68
20251102,4,Night,8,8,32
20251102,5,Morning,16,15,60
20251102,5,Evening,18,18,72
20251102,5,Night,7,7,28
20251102,6,Morning,12,12,48
20251102,6,Evening,17,17,68
20251102,6,Night,7,7,28
20251102,7,Morning,11,11,44
20251102,7,Evening,16,16,64
20251102,7,Night,9,8,32
20251102,8,Morning,13,13,52
20251102,8,Evening,18,18,72
20251102,8,Night,8,8,32
20251102,9,Morning,14,14,56
20251102,9,Evening,18,18,72
20251102,9,Night,12,11,44
20251102,10,Morning,14,13,52
20251102,10,Evening,18,18,72
20251102,10,Night,6,6,24
20251102,11,Morning,11,11,44
20251102,11,Evening,20,19,76
20251102,11,Night,8,8,32
20251102,12,Morning,14,13,52
20251102,12,Evening,16,16,64
20251102,12,Night,9,9,36
20251103,1,Morning,19,17,68
20251103,1,Evening,25,25,100
20251103,1,Night,14,13,52
20251103,2,Morning,16,16,64
20251103,2,Evening,19,19,76
20251103,2,Night,6,6,24
20251103,3,Morning,14,14,56
20251103,3,Evening,16,16,64
20251103,3,Night,9,9,36
20251103,4,Morning,12,12,48
20251103,4,Evening,19,19,76
20251103,4,Night,8,8,32
20251103,5,Morning,16,16,64
20251103,5,Evening,20,20,80
20251103,5,Night,7,7,28
20251103,6,Morning,15,15,60
20251103,6,Evening,21,21,84
20251103,6,Night,8,7,28
20251103,7,Morning,12,12,48
20251103,7,Evening,18,17,68
20251103,7,Night,9,9,36
20251103,8,Morning,15,15,60
20251103,8,Evening,18,18,72
20251103,8,Night,9,9,36
20251103,9,Morning,13,13,52
20251103,9,Evening,16,16,64
20251103,9,Night,9,9,36
20251103,10,Morning,14,13,52
20251103,10,Evening,19,19,76
20251103,10,Night,7,7,28
20251103,11,Morning,13,13,52
20251103,11,Evening,18,18,72
20251103,11,Night,9,9,36
20251103,12,Morning,13,13,52
20251103,12,Evening,16,14,56
20251103,12,Night,7,6,24
20251104,1,Morning,20,20,80
20251104,1,Evening,24,23,92
20251104,1,Night,12,12,48
20251104,2,Morning,16,14,56
20251104,2,Evening,18,18,72
20251104,2,Night,8,8,32
20251104,3,Morning,15,15,60
20251104,3,Evening,19,19,76
20251104,3,Night,10,9,36
20251104,4,Morning,16,16,64
20251104,4,Evening,17,17,68
20251104,4,Night,6,6,24
20251104,5,Morning,11,10,40
20251104,5,Evening,19,18,72
20251104,5,Night,11,10,40
20251104,6,Morning,14,14,56
20251104,6,Evening,18,18,72
20251104,6,Night,7,7,28
20251104,7,Morning,14,14,56
20251104,7,Evening,18,18,72
20251104,7,Night,10,9,36
20251104,8,Morning,15,15,60
20251104,8,Evening,18,18,72
20251104,8,Night,7,6,24
20251104,9,Morning,15,14,56
20251104,9,Evening,18,18,72
20251104,9,Night,8,8,32
20251104,10,Morning,13,13,52
20251104,10,Evening,21,21,84
20251104,10,Night,7,6,24
20251104,11,Morning,13,13,52
20251104,11,Evening,16,16,64
20251104,11,Night,8,8,32
20251104,12,Morning,15,15,60
20251104,12,Evening,21,20,80
20251104,12,Night,9,9,36
20251105,1,Morning,20,20,80
20251105,1,Evening,25,24,96
20251105,1,Night,15,15,60
20251105,2,Morning,14,14,56
20251105,2,Evening,17,17,68
20251105,2,Night,8,8,32
20251105,3,Morning,15,14,56
20251105,3,Evening,17,17,68
20251105,3,Night,6,6,24
20251105,4,Morning,14,14,56
20251105,4,Evening,19,19,76
20251105,4,Night,9,9,36
20251105,5,Morning,14,14,56
20251105,5,Evening,16,16,64
20251105,5,Night,10,9,36
20251105,6,Morning,15,13,52
20251105,6,Evening,17,17,68
20251105,6,Night,6,6,24
20251105,7,Morning,13,13,52
20251105,7,Evening,18,18,72
20251105,7,Night,10,10,40
20251105,8,Morning,14,14,56
20251105,8,Evening,16,16,64
20251105,8,Night,7,6,24
20251105,9,Morning,15,15,60
20251105,9,Evening,18,18,72
20251105,9,Night,7,6,24
20251105,10,Morning,15,14,56
20251105,10,Evening,18,18,72
20251105,10,Night,8,8,32
20251105,11,Morning,15,15,60
20251105,11,Evening,18,18,72
20251105,11,Night,8,8,32
20251105,12,Morning,17,17,68
20251105,12,Evening,19,18,72
20251105,12,Night,8,7,28
20251106,1,Morning,21,21,84
20251106,1,Evening,24,22,88
20251106,1,Night,14,14,56
20251106,2,Morning,12,12,48
20251106,2,Evening,18,18,72
20251106,2,Night,10,10,40
20251106,3,Morning,16,16,64
20251106,3,Evening,17,16,64
20251106,3,Night,8,8,32
20251106,4,Morning,15,15,60
20251106,4,Evening,21,21,84
20251106,4,Night,7,7,28
20251106,5,Morning,15,15,60
20251106,5,Evening,18,18,72
20251106,5,Night,7,7,28
20251106,6,Morning,16,16,64
20251106,6,Evening,18,18,72
20251106,6,Night,9,8,32
20251106,7,Morning,14,13,52
20251106,7,Evening,16,16,64
20251106,7,Night,10,10,40
20251106,8,Morning,14,14,56
20251106,8,Evening,18,17,68
20251106,8,Night,9,9,36
20251106,9,Morning,12,12,48
20251106,9,Evening,20,20,80
20251106,9,Night,8,8,32
20251106,10,Morning,16,16,64
20251106,10,Evening,16,16,64
20251106,10,Night,7,7,28
20251106,11,Morning,12,12,48
20251106,11,Evening,16,15,60
20251106,11,Night,5,5,20
20251106,12,Morning,13,11,44
20251106,12,Evening,17,17,68
20251106,12,Night,8,8,32
20251107,1,Morning,23,22,88
20251107,1,Evening,26,26,104
20251107,1,Night,15,15,60
20251107,2,Morning,13,13,52
20251107,2,Evening,17,17,68
20251107,2,Night,8,8,32
20251107,3,Morning,14,13,52
20251107,3,Evening,18,18,72
20251107,3,Night,7,6,24
20251107,4,Morning,14,14,56
20251107,4,Evening,16,15,60
20251107,4,Night,7,6,24
20251107,5,Morning,12,12,48
20251107,5,Evening,19,18,72
20251107,5,Night,8,7,28
20251107,6,Morning,13,13,52
20251107,6,Evening,15,15,60
20251107,6,Night,8,7,28
20251107,7,Morning,14,14,56
20251107,7,Evening,18,17,68
20251107,7,Night,8,8,32
20251107,8,Morning,14,14,56
20251107,8,Evening,18,18,72
20251107,8,Night,10,10,40
20251107,9,Morning,12,12,48
20251107,9,Evening,16,16,64
20251107,9,Night,8,7,28
20251107,10,Morning,14,14,56
20251107,10,Evening,14,14,56
20251107,10,Night,8,8,32
20251107,11,Morning,16,16,64
20251107,11,Evening,15,14,56
20251107,11,Night,7,7,28
20251107,12,Morning,13,13,52
20251107,12,Evening,17,16,64
20251107,12,Night,8,8,32
20251108,1,Morning,23,22,88
20251108,1,Evening,27,27,108
20251108,1,Night,15,14,56
20251108,2,Morning,12,12,48
20251108,2,Evening,19,19,76
20251108,2,Night,9,9,36
20251108,3,Morning,14,14,56
20251108,3,Evening,16,16,64
20251108,3,Night,7,7,28
20251108,4,Morning,14,14,56
20251108,4,Evening,17,17,68
20251108,4,Night,10,9,36
20251108,5,Morning,16,16,64
20251108,5,Evening,17,15,60
20251108,5,Night,7,6,24
20251108,6,Morning,14,13,52
20251108,6,Evening,18,18,72
20251108,6,Night,10,10,40
20251108,7,Morning,17,16,64
20251108,7,Evening,18,18,72
20251108,7,Night,8,8,32
20251108,8,Morning,14,14,56
20251108,8,Evening,20,20,80
20251108,8,Night,8,7,28
20251108,9,Morning,14,14,56
20251108,9,Evening,22,22,88
20251108,9,Night,8,8,32
20251108,10,Morning,13,12,48
20251108,10,Evening,18,17,68
20251108,10,Night,8,8,32
20251108,11,Morning,15,15,60
20251108,11,Evening,21,21,84
20251108,11,Night,10,10,40
20251108,12,Morning,16,16,64
20251108,12,Evening,16,16,64
20251108,12,Night,7,6,24
20251109,1,Morning,20,19,76
20251109,1,Evening,21,20,80
20251109,1,Night,16,15,60
20251109,2,Morning,13,13,52
20251109,2,Evening,18,18,72
20251109,2,Night,9,7,28
20251109,3,Morning,13,13,52
20251109,3,Evening,17,17,68
20251109,3,Night,8,7,28
20251109,4,Morning,16,16,64
20251109,4,Evening,17,17,68
20251109,4,Night,8,8,32
20251109,5,Morning,16,16,64
20251109,5,Evening,18,18,72
20251109,5,Night,8,8,32
20251109,6,Morning,13,11,44
20251109,6,Evening,19,19,76
20251109,6,Night,10,10,40
20251109,7,Morning,16,16,64
20251109,7,Evening,18,18,72
20251109,7,Night,6,5,20
20251109,8,Morning,11,11,44
20251109,8,Evening,21,19,76
20251109,8,Night,10,9,36
20251109,9,Morning,14,13,52
20251109,9,Evening,17,16,64
20251109,9,Night,9,8,32
20251109,10,Morning,15,14,56
20251109,10,Evening,18,17,68
20251109,10,Night,6,6,24
20251109,11,Morning,14,13,52
20251109,11,Evening,16,15,60
20251109,11,Night,7,7,28
20251109,12,Morning,12,11,44
20251109,12,Evening,16,16,64
20251109,12,Night,7,7,28
20251110,1,Morning,18,18,72
20251110,1,Evening,24,24,96
20251110,1,Night,12,12,48
20251110,2,Morning,15,15,60
20251110,2,Evening,19,19,76
20251110,2,Night,7,7,28
20251110,3,Morning,13,13,52
20251110,3,Evening,17,17,68
20251110,3,Night,7,7,28
20251110,4,Morning,14,14,56
20251110,4,Evening,16,16,64
20251110,4,Night,6,6,24
20251110,5,Morning,13,13,52
20251110,5,Evening,19,19,76
20251110,5,Night,9,9,36
20251110,6,Morning,13,13,52
20251110,6,Evening,18,18,72
20251110,6,Night,8,7,28
20251110,7,Morning,12,11,44
20251110,7,Evening,22,22,88
20251110,7,Night,9,9,36
20251110,8,Morning,15,14,56
20251110,8,Evening,19,19,76
20251110,8,Night,7,6,24
20251110,9,Morning,12,12,48
20251110,9,Evening,20,20,80
20251110,9,Night,8,7,28
20251110,10,Morning,13,13,52
20251110,10,Evening,17,16,64
20251110,10,Night,6,6,24
20251110,11,Morning,14,13,52
20251110,11,Evening,18,17,68
20251110,11,Night,7,7,28
20251110,12,Morning,14,14,56
20251110,12,Evening,18,18,72
20251110,12,Night,7,7,28
20251111,1,Morning,21,19,76
20251111,1,Evening,24,23,92
20251111,1,Night,15,15,60
20251111,2,Morning,15,15,60
20251111,2,Evening,16,15,60
20251111,2,Night,9,9,36
20251111,3,Morning,12,11,44
20251111,3,Evening,16,14,56
20251111,3,Night,8,8,32
20251111,4,Morning,15,14,56
20251111,4,Evening,18,17,68
20251111,4,Night,12,12,48
20251111,5,Morning,15,14,56
20251111,5,Evening,16,15,60
20251111,5,Night,9,9,36
20251111,6,Morning,14,13,52
20251111,6,Evening,16,16,64
20251111,6,Night,9,9,36
20251111,7,Morning,14,13,52
20251111,7,Evening,17,16,64
20251111,7,Night,6,6,24
20251111,8,Morning,14,14,56
20251111,8,Evening,17,16,64
20251111,8,Night,8,8,32
20251111,9,Morning,13,13,52
20251111,9,Evening,17,17,68
20251111,9,Night,10,9,36
20251111,10,Morning,13,12,48
20251111,10,Evening,23,23,92
20251111,10,Night,8,7,28
20251111,11,Morning,12,10,40
20251111,11,Evening,19,19,76
20251111,11,Night,9,8,32
20251111,12,Morning,12,11,44
20251111,12,Evening,17,17,68
20251111,12,Night,10,9,36
20251112,1,Morning,19,19,76
20251112,1,Evening,22,22,88
20251112,1,Night,14,13,52
20251112,2,Morning,13,13,52
20251112,2,Evening,20,19,76
20251112,2,Night,6,6,24
20251112,3,Morning,16,16,64
20251112,3,Evening,21,20,80
20251112,3,Night,7,7,28
20251112,4,Morning,13,12,48
20251112,4,Evening,18,17,68
20251112,4,Night,9,9,36
20251112,5,Morning,15,15,60
20251112,5,Evening,18,18,72
20251112,5,Night,8,8,32
20251112,6,Morning,17,15,60
20251112,6,Evening,17,16,64
20251112,6,Night,9,9,36
20251112,7,Morning,15,15,60
20251112,7,Evening,20,19,76
20251112,7,Night,9,8,32
20251112,8,Morning,11,11,44
20251112,8,Evening,17,17,68
20251112,8,Night,5,4,16
20251112,9,Morning,12,12,48
20251112,9,Evening,18,18,72
20251112,9,Night,9,8,32
20251112,10,Morning,14,13,52
20251112,10,Evening,17,17,68
20251112,10,Night,11,10,40
20251112,11,Morning,16,16,64
20251112,11,Evening,17,17,68
20251112,11,Night,8,8,32
20251112,12,Morning,14,14,56
20251112,12,Evening,18,18,72
20251112,12,Night,6,5,20
20251113,1,Morning,20,19,76
20251113,1,Evening,22,22,88
20251113,1,Night,13,13,52
20251113,2,Morning,11,11,44
20251113,2,Evening,18,18,72
20251113,2,Night,9,9,36
20251113,3,Morning,16,15,60
20251113,3,Evening,17,17,68
20251113,3,Night,8,8,32
20251113,4,Morning,14,14,56
20251113,4,Evening,15,15,60
20251113,4,Night,10,9,36
20251113,5,Morning,15,14,56
20251113,5,Evening,15,15,60
20251113,5,Night,7,7,28
20251113,6,Morning,12,12,48
20251113,6,Evening,19,19,76
20251113,6,Night,8,8,32
20251113,7,Morning,14,14,56
20251113,7,Evening,18,17,68
20251113,7,Night,8,6,24
20251113,8,Morning,13,12,48
20251113,8,Evening,15,15,60
20251113,8,Night,9,9,36
20251113,9,Morning,16,16,64
20251113,9,Evening,17,17,68
20251113,9,Night,7,7,28
20251113,10,Morning,14,14,56
20251113,10,Evening,18,17,68
20251113,10,Night,8,7,28
20251113,11,Morning,12,12,48
20251113,11,Evening,16,16,64
20251113,11,Night,9,8,32
20251113,12,Morning,13,13,52
20251113,12,Evening,20,20,80
20251113,12,Night,6,6,24
20251114,1,Morning,27,27,108
20251114,1,Evening,27,27,108
20251114,1,Night,15,15,60
20251114,2,Morning,11,11,44
20251114,2,Evening,18,18,72
20251114,2,Night,9,9,36
20251114,3,Morning,14,14,56
20251114,3,Evening,16,16,64
20251114,3,Night,9,9,36
20251114,4,Morning,13,12,48
20251114,4,Evening,19,19,76
20251114,4,Night,8,8,32
20251114,5,Morning,13,13,52
20251114,5,Evening,18,17,68
20251114,5,Night,6,5,20
20251114,6,Morning,18,18,72
20251114,6,Evening,15,15,60
20251114,6,Night,6,6,24
20251114,7,Morning,15,14,56
20251114,7,Evening,19,18,72
20251114,7,Night,6,6,24
20251114,8,Morning,14,14,56
20251114,8,Evening,18,17,68
20251114,8,Night,11,11,44
20251114,9,Morning,14,13,52
20251114,9,Evening,19,19,76
20251114,9,Night,7,6,24
20251114,10,Morning,15,15,60
20251114,10,Evening,19,18,72
20251114,10,Night,9,9,36
20251114,11,Morning,9,8,32
20251114,11,Evening,15,14,56
20251114,11,Night,6,6,24
20251114,12,Morning,13,13,52
20251114,12,Evening,17,16,64
20251114,12,Night,7,6,24
20251115,1,Morning,22,22,88
20251115,1,Evening,23,23,92
20251115,1,Night,18,17,68
20251115,2,Morning,12,12,48
20251115,2,Evening,17,16,64
20251115,2,Night,8,8,32
20251115,3,Morning,16,16,64
20251115,3,Evening,18,18,72
20251115,3,Night,7,7,28
20251115,4,Morning,13,11,44
20251115,4,Evening,16,15,60
20251115,4,Night,7,7,28
20251115,5,Morning,14,13,52
20251115,5,Evening,18,18,72
20251115,5,Night,10,9,36
20251115,6,Morning,16,16,64
20251115,6,Evening,19,18,72
20251115,6,Night,8,7,28
20251115,7,Morning,13,13,52
20251115,7,Evening,18,18,72
20251115,7,Night,9,9,36
20251115,8,Morning,15,14,56
20251115,8,Evening,17,17,68
20251115,8,Night,8,7,28
20251115,9,Morning,12,12,48
20251115,9,Evening,18,17,68
20251115,9,Night,10,10,40
20251115,10,Morning,14,14,56
20251115,10,Evening,17,15,60
20251115,10,Night,11,10,40
20251115,11,Morning,17,17,68
20251115,11,Evening,16,16,64
20251115,11,Night,10,10,40
20251115,12,Morning,14,14,56
20251115,12,Evening,18,18,72
20251115,12,Night,9,9,36
20251116,1,Morning,20,20,80
20251116,1,Evening,24,23,92
20251116,1,Night,14,14,56
20251116,2,Morning,15,15,60
20251116,2,Evening,19,19,76
20251116,2,Night,6,5,20
20251116,3,Morning,13,13,52
20251116,3,Evening,18,18,72
20251116,3,Night,8,8,32
20251116,4,Morning,13,12,48
20251116,4,Evening,22,20,80
20251116,4,Night,10,10,40
20251116,5,Morning,13,12,48
20251116,5,Evening,19,18,72
20251116,5,Night,9,9,36
20251116,6,Morning,13,13,52
20251116,6,Evening,21,21,84
20251116,6,Night,10,10,40
20251116,7,Morning,14,13,52
20251116,7,Evening,18,18,72
20251116,7,Night,8,8,32
20251116,8,Morning,12,11,44
20251116,8,Evening,18,18,72
20251116,8,Night,10,10,40
20251116,9,Morning,16,15,60
20251116,9,Evening,19,18,72
20251116,9,Night,9,8,32
20251116,10,Morning,14,14,56
20251116,10,Evening,16,15,60
20251116,10,Night,7,7,28
20251116,11,Morning,14,13,52
20251116,11,Evening,18,18,72
20251116,11,Night,9,9,36
20251116,12,Morning,11,11,44
20251116,12,Evening,18,17,68
20251116,12,Night,6,6,24
20251117,1,Morning,22,21,84
20251117,1,Evening,24,24,96
20251117,1,Night,15,15,60
20251117,2,Morning,15,14,56
20251117,2,Evening,19,19,76
20251117,2,Night,6,6,24
20251117,3,Morning,11,9,36
20251117,3,Evening,18,17,68
20251117,3,Night,8,8,32
20251117,4,Morning,14,14,56
20251117,4,Evening,18,17,68
20251117,4,Night,10,9,36
20251117,5,Morning,13,12,48
20251117,5,Evening,18,18,72
20251117,5,Night,7,7,28
20251117,6,Morning,11,11,44
20251117,6,Evening,17,17,68
20251117,6,Night,6,6,24
20251117,7,Morning,13,12,48
20251117,7,Evening,19,17,68
20251117,7,Night,8,8,32
20251117,8,Morning,14,13,52
20251117,8,Evening,19,18,72
20251117,8,Night,7,6,24
20251117,9,Morning,17,17,68
20251117,9,Evening,16,16,64
20251117,9,Night,11,11,44
20251117,10,Morning,15,14,56
20251117,10,Evening,14,14,56
20251117,10,Night,8,8,32
20251117,11,Morning,17,17,68
20251117,11,Evening,15,14,56
20251117,11,Night,7,7,28
20251117,12,Morning,16,16,64
20251117,12,Evening,16,16,64
20251117,12,Night,10,9,36
20251118,1,Morning,20,19,76
20251118,1,Evening,27,27,108
20251118,1,Night,14,14,56
20251118,2,Morning,12,11,44
20251118,2,Evening,19,17,68
20251118,2,Night,8,8,32
20251118,3,Morning,13,12,48
20251118,3,Evening,19,19,76
20251118,3,Night,9,9,36
20251118,4,Morning,12,12,48
20251118,4,Evening,16,16,64
20251118,4,Night,8,7,28
20251118,5,Morning,15,15,60
20251118,5,Evening,20,20,80
20251118,5,Night,8,6,24
20251118,6,Morning,14,13,52
20251118,6,Evening,22,21,84
20251118,6,Night,6,6,24
20251118,7,Morning,14,14,56
20251118,7,Evening,15,15,60
20251118,7,Night,8,8,32
20251118,8,Morning,16,16,64
20251118,8,Evening,16,16,64
20251118,8,Night,9,9,36
20251118,9,Morning,16,15,60
20251118,9,Evening,16,16,64
20251118,9,Night,7,7,28
20251118,10,Morning,12,12,48
20251118,10,Evening,17,17,68
20251118,10,Night,7,6,24
20251118,11,Morning,12,11,44
20251118,11,Evening,17,17,68
20251118,11,Night,7,7,28
20251118,12,Morning,14,14,56
20251118,12,Evening,18,17,68
20251118,12,Night,9,9,36
20251119,1,Morning,19,19,76
20251119,1,Evening,25,24,96
20251119,1,Night,12,12,48
20251119,2,Morning,11,11,44
20251119,2,Evening,17,17,68
20251119,2,Night,10,10,40
20251119,3,Morning,14,13,52
20251119,3,Evening,19,18,72
20251119,3,Night,6,5,20
20251119,4,Morning,16,16,64
20251119,4,Evening,17,16,64
20251119,4,Night,9,8,32
20251119,5,Morning,15,15,60
20251119,5,Evening,18,18,72
20251119,5,Night,9,9,36
20251119,6,Morning,15,14,56
20251119,6,Evening,18,18,72
20251119,6,Night,9,9,36
20251119,7,Morning,15,15,60
20251119,7,Evening,22,21,84
20251119,7,Night,5,5,20
20251119,8,Morning,14,14,56
20251119,8,Evening,17,17,68
20251119,8,Night,8,8,32
20251119,9,Morning,15,15,60
20251119,9,Evening,18,18,72
20251119,9,Night,6,6,24
20251119,10,Morning,12,12,48
20251119,10,Evening,21,21,84
20251119,10,Night,9,8,32
20251119,11,Morning,13,12,48
20251119,11,Evening,20,19,76
20251119,11,Night,9,9,36
20251119,12,Morning,10,10,40
20251119,12,Evening,20,19,76
20251119,12,Night,8,8,32
20251120,1,Morning,18,18,72
20251120,1,Evening,23,23,92
20251120,1,Night,14,14,56
20251120,2,Morning,12,12,48
20251120,2,Evening,22,21,84
20251120,2,Night,9,9,36
20251120,3,Morning,13,13,52
20251120,3,Evening,19,18,72
20251120,3,Night,11,11,44
20251120,4,Morning,13,13,52
20251120,4,Evening,20,20,80
20251120,4,Night,9,8,32
20251120,5,Morning,15,15,60
20251120,5,Evening,20,20,80
20251120,5,Night,7,7,28
20251120,6,Morning,15,15,60
20251120,6,Evening,17,17,68
20251120,6,Night,10,10,40
20251120,7,Morning,13,13,52
20251120,7,Evening,18,18,72
20251120,7,Night,9,8,32
20251120,8,Morning,14,14,56
20251120,8,Evening,20,19,76
20251120,8,Night,7,7,28
20251120,9,Morning,16,15,60
20251120,9,Evening,16,16,64
20251120,9,Night,8,8,32
20251120,10,Morning,15,15,60
20251120,10,Evening,18,17,68
20251120,10,Night,6,6,24
20251120,11,Morning,15,15,60
20251120,11,Evening,15,15,60
20251120,11,Night,9,9,36
20251120,12,Morning,14,13,52
20251120,12,Evening,19,19,76
20251120,12,Night,9,9,36
20251121,1,Morning,21,21,84
20251121,1,Evening,29,29,116
20251121,1,Night,15,15,60
20251121,2,Morning,13,13,52
20251121,2,Evening,17,16,64
20251121,2,Night,10,9,36
20251121,3,Morning,13,13,52
20251121,3,Evening,18,17,68
20251121,3,Night,9,8,32
20251121,4,Morning,13,13,52
20251121,4,Evening,18,18,72
20251121,4,Night,12,12,48
20251121,5,Morning,18,18,72
20251121,5,Evening,18,18,72
20251121,5,Night,7,6,24
20251121,6,Morning,12,11,44
20251121,6,Evening,15,15,60
20251121,6,Night,6,4,16
20251121,7,Morning,15,14,56
20251121,7,Evening,18,18,72
20251121,7,Night,8,8,32
20251121,8,Morning,18,18,72
20251121,8,Evening,19,19,76
20251121,8,Night,10,9,36
20251121,9,Morning,16,14,56
20251121,9,Evening,18,17,68
20251121,9,Night,10,9,36
20251121,10,Morning,15,15,60
20251121,10,Evening,16,16,64
20251121,10,Night,8,8,32
20251121,11,Morning,12,11,44
20251121,11,Evening,18,17,68
20251121,11,Night,8,8,32
20251121,12,Morning,14,12,48
20251121,12,Evening,20,20,80
20251121,12,Night,8,8,32
20251122,1,Morning,20,20,80
20251122,1,Evening,26,26,104
20251122,1,Night,14,14,56
20251122,2,Morning,14,13,52
20251122,2,Evening,17,17,68
20251122,2,Night,8,8,32
20251122,3,Morning,13,13,52
20251122,3,Evening,18,18,72
20251122,3,Night,8,8,32
20251122,4,Morning,13,13,52
20251122,4,Evening,16,16,64
20251122,4,Night,9,9,36
20251122,5,Morning,17,17,68
20251122,5,Evening,18,18,72
20251122,5,Night,7,7,28
20251122,6,Morning,15,15,60
20251122,6,Evening,16,16,64
20251122,6,Night,9,9,36
20251122,7,Morning,14,12,48
20251122,7,Evening,17,17,68
20251122,7,Night,4,4,16
20251122,8,Morning,13,12,48
20251122,8,Evening,16,16,64
20251122,8,Night,8,8,32
20251122,9,Morning,15,15,60
20251122,9,Evening,20,19,76
20251122,9,Night,7,6,24
20251122,10,Morning,14,14,56
20251122,10,Evening,19,18,72
20251122,10,Night,6,6,24
20251122,11,Morning,14,13,52
20251122,11,Evening,19,19,76
20251122,11,Night,8,8,32
20251122,12,Morning,14,12,48
20251122,12,Evening,16,16,64
20251122,12,Night,9,9,36
20251123,1,Morning,18,18,72
20251123,1,Evening,24,23,92
20251123,1,Night,13,12,48
20251123,2,Morning,12,12,48
20251123,2,Evening,18,17,68
20251123,2,Night,8,8,32
20251123,3,Morning,12,11,44
20251123,3,Evening,20,19,76
20251123,3,Night,8,8,32
20251123,4,Morning,12,11,44
20251123,4,Evening,20,19,76
20251123,4,Night,9,9,36
20251123,5,Morning,14,13,52
20251123,5,Evening,17,16,64
20251123,5,Night,9,9,36
20251123,6,Morning,15,15,60
20251123,6,Evening,19,19,76
20251123,6,Night,8,8,32
20251123,7,Morning,11,10,40
20251123,7,Evening,17,17,68
20251123,7,Night,11,10,40
20251123,8,Morning,17,17,68
20251123,8,Evening,18,17,68
20251123,8,Night,11,10,40
20251123,9,Morning,13,13,52
20251123,9,Evening,18,18,72
20251123,9,Night,7,7,28
20251123,10,Morning,15,14,56
20251123,10,Evening,18,16,64
20251123,10,Night,8,7,28
20251123,11,Morning,13,12,48
20251123,11,Evening,19,19,76
20251123,11,Night,8,8,32
20251123,12,Morning,14,14,56
20251123,12,Evening,19,18,72
20251123,12,Night,8,8,32
20251124,1,Morning,20,18,72
20251124,1,Evening,26,26,104
20251124,1,Night,13,12,48
20251124,2,Morning,12,12,48
20251124,2,Evening,17,17,68
20251124,2,Night,7,7,28
20251124,3,Morning,13,13,52
20251124,3,Evening,17,17,68
20251124,3,Night,9,9,36
20251124,4,Morning,12,11,44
20251124,4,Evening,18,18,72
20251124,4,Night,8,8,32
20251124,5,Morning,13,13,52
20251124,5,Evening,16,16,64
20251124,5,Night,8,8,32
20251124,6,Morning,15,14,56
20251124,6,Evening,20,20,80
20251124,6,Night,7,6,24
20251124,7,Morning,13,13,52
20251124,7,Evening,17,16,64
20251124,7,Night,10,10,40
20251124,8,Morning,13,13,52
20251124,8,Evening,16,16,64
20251124,8,Night,7,7,28
20251124,9,Morning,15,14,56
20251124,9,Evening,17,17,68
20251124,9,Night,7,7,28
20251124,10,Morning,15,15,60
20251124,10,Evening,18,17,68
20251124,10,Night,8,6,24
20251124,11,Morning,16,16,64
20251124,11,Evening,18,16,64
20251124,11,Night,9,8,32
20251124,12,Morning,12,12,48
20251124,12,Evening,18,17,68
20251124,12,Night,7,7,28
20251125,1,Morning,21,20,80
20251125,1,Evening,23,23,92
20251125,1,Night,15,15,60
20251125,2,Morning,12,12,48
20251125,2,Evening,19,19,76
20251125,2,Night,9,8,32
20251125,3,Morning,13,13,52
20251125,3,Evening,18,18,72
20251125,3,Night,10,10,40
20251125,4,Morning,16,16,64
20251125,4,Evening,18,18,72
20251125,4,Night,10,10,40
20251125,5,Morning,14,14,56
20251125,5,Evening,18,17,68
20251125,5,Night,10,10,40
20251125,6,Morning,15,15,60
20251125,6,Evening,16,15,60
20251125,6,Night,7,7,28
20251125,7,Morning,14,14,56
20251125,7,Evening,17,17,68
20251125,7,Night,8,6,24
20251125,8,Morning,14,14,56
20251125,8,Evening,18,17,68
20251125,8,Night,9,7,28
20251125,9,Morning,13,12,48
20251125,9,Evening,19,18,72
20251125,9,Night,8,7,28
20251125,10,Morning,13,12,48
20251125,10,Evening,17,16,64
20251125,10,Night,12,12,48
20251125,11,Morning,15,15,60
20251125,11,Evening,18,18,72
20251125,11,Night,9,9,36
20251125,12,Morning,13,13,52
20251125,12,Evening,17,17,68
20251125,12,Night,8,8,32
20251126,1,Morning,22,22,88
20251126,1,Evening,23,22,88
20251126,1,Night,16,15,60
20251126,2,Morning,16,16,64
20251126,2,Evening,18,18,72
20251126,2,Night,7,6,24
20251126,3,Morning,16,15,60
20251126,3,Evening,19,18,72
20251126,3,Night,9,8,32
20251126,4,Morning,13,13,52
20251126,4,Evening,20,20,80
20251126,4,Night,7,7,28
20251126,5,Morning,14,14,56
20251126,5,Evening,19,19,76
20251126,5,Night,7,6,24
20251126,6,Morning,15,15,60
20251126,6,Evening,20,19,76
20251126,6,Night,10,9,36
20251126,7,Morning,15,14,56
20251126,7,Evening,18,17,68
20251126,7,Night,8,7,28
20251126,8,Morning,14,14,56
20251126,8,Evening,18,18,72
20251126,8,Night,10,10,40
20251126,9,Morning,15,15,60
20251126,9,Evening,18,18,72
20251126,9,Night,8,8,32
20251126,10,Morning,13,13,52
20251126,10,Evening,17,17,68
20251126,10,Night,9,8,32
20251126,11,Morning,14,14,56
20251126,11,Evening,19,19,76
20251126,11,Night,5,5,20
20251126,12,Morning,16,16,64
20251126,12,Evening,17,17,68
20251126,12,Night,8,7,28
20251127,1,Morning,21,21,84
20251127,1,Evening,25,25,100
20251127,1,Night,14,14,56
20251127,2,Morning,11,11,44
20251127,2,Evening,17,17,68
20251127,2,Night,8,8,32
20251127,3,Morning,15,15,60
20251127,3,Evening,17,15,60
20251127,3,Night,7,7,28
20251127,4,Morning,16,15,60
20251127,4,Evening,18,18,72
20251127,4,Night,4,3,12
20251127,5,Morning,10,9,36
20251127,5,Evening,17,17,68
20251127,5,Night,9,9,36
20251127,6,Morning,12,11,44
20251127,6,Evening,17,16,64
20251127,6,Night,11,10,40
20251127,7,Morning,15,15,60
20251127,7,Evening,15,15,60
20251127,7,Night,8,8,32
20251127,8,Morning,13,13,52
20251127,8,Evening,20,20,80
20251127,8,Night,6,6,24
20251127,9,Morning,16,16,64
20251127,9,Evening,20,19,76
20251127,9,Night,9,8,32
20251127,10,Morning,14,14,56
20251127,10,Evening,17,16,64
20251127,10,Night,6,6,24
20251127,11,Morning,15,15,60
20251127,11,Evening,19,19,76
20251127,11,Night,9,8,32
20251127,12,Morning,13,13,52
20251127,12,Evening,19,19,76
20251127,12,Night,7,7,28
20251128,1,Morning,23,23,92
20251128,1,Evening,28,28,112
20251128,1,Night,14,14,56
20251128,2,Morning,11,11,44
20251128,2,Evening,18,18,72
20251128,2,Night,7,7,28
20251128,3,Morning,14,13,52
20251128,3,Evening,18,18,72
20251128,3,Night,11,11,44
20251128,4,Morning,12,12,48
20251128,4,Evening,18,18,72
20251128,4,Night,8,8,32
20251128,5,Morning,15,15,60
20251128,5,Evening,16,16,64
20251128,5,Night,7,7,28
20251128,6,Morning,15,15,60
20251128,6,Evening,18,18,72
20251128,6,Night,11,11,44
20251128,7,Morning,13,13,52
20251128,7,Evening,21,20,80
20251128,7,Night,7,7,28
20251128,8,Morning,14,14,56
20251128,8,Evening,15,15,60
20251128,8,Night,8,7,28
20251128,9,Morning,13,11,44
20251128,9,Evening,15,15,60
20251128,9,Night,10,10,40
20251128,10,Morning,16,16,64
20251128,10,Evening,19,18,72
20251128,10,Night,9,8,32
20251128,11,Morning,15,14,56
20251128,11,Evening,16,16,64
20251128,11,Night,8,8,32
20251128,12,Morning,13,12,48
20251128,12,Evening,16,16,64
20251128,12,Night,9,9,36
20251129,1,Morning,24,24,96
20251129,1,Evening,26,26,104
20251129,1,Night,15,15,60
20251129,2,Morning,12,12,48
20251129,2,Evening,19,19,76
20251129,2,Night,11,11,44
20251129,3,Morning,14,13,52
20251129,3,Evening,20,19,76
20251129,3,Night,7,6,24
20251129,4,Morning,14,14,56
20251129,4,Evening,19,18,72
20251129,4,Night,7,6,24
20251129,5,Morning,14,14,56
20251129,5,Evening,18,18,72
20251129,5,Night,9,8,32
20251129,6,Morning,13,13,52
20251129,6,Evening,19,18,72
20251129,6,Night,7,7,28
20251129,7,Morning,15,15,60
20251129,7,Evening,20,20,80
20251129,7,Night,6,6,24
20251129,8,Morning,13,13,52
20251129,8,Evening,18,18,72
20251129,8,Night,7,6,24
20251129,9,Morning,15,15,60
20251129,9,Evening,19,19,76
20251129,9,Night,7,7,28
20251129,10,Morning,13,12,48
20251129,10,Evening,19,19,76
20251129,10,Night,4,4,16
20251129,11,Morning,14,13,52
20251129,11,Evening,18,18,72
20251129,11,Night,10,10,40
20251129,12,Morning,14,14,56
20251129,12,Evening,20,20,80
20251129,12,Night,5,5,20
20251130,1,Morning,20,20,80
20251130,1,Evening,22,22,88
20251130,1,Night,15,15,60
20251130,2,Morning,16,16,64
20251130,2,Evening,17,17,68
20251130,2,Night,8,8,32
20251130,3,Morning,11,10,40
20251130,3,Evening,17,17,68
20251130,3,Night,6,6,24
20251130,4,Morning,14,14,56
20251130,4,Evening,17,17,68
20251130,4,Night,8,7,28
20251130,5,Morning,17,16,64
20251130,5,Evening,17,16,64
20251130,5,Night,5,5,20
20251130,6,Morning,14,14,56
20251130,6,Evening,19,19,76
20251130,6,Night,9,9,36
20251130,7,Morning,15,15,60
20251130,7,Evening,18,18,72
20251130,7,Night,9,9,36
20251130,8,Morning,15,15,60
20251130,8,Evening,17,16,64
20251130,8,Night,7,7,28
20251130,9,Morning,14,14,56
20251130,9,Evening,20,20,80
20251130,9,Night,7,6,24
20251130,10,Morning,14,14,56
20251130,10,Evening,18,18,72
20251130,10,Night,5,5,20
20251130,11,Morning,13,12,48
20251130,11,Evening,19,18,72
20251130,11,Night,8,7,28
20251130,12,Morning,16,16,64
20251130,12,Evening,19,19,76
20251130,12,Night,9,9,36
20251201,1,Morning,21,21,84
20251201,1,Evening,25,25,100
20251201,1,Night,16,16,64
20251201,2,Morning,13,11,44
20251201,2,Evening,18,18,72
20251201,2,Night,6,6,24
20251201,3,Morning,15,15,60
20251201,3,Evening,18,18,72
20251201,3,Night,6,5,20
20251201,4,Morning,15,14,56
20251201,4,Evening,18,18,72
20251201,4,Night,9,8,32
20251201,5,Morning,15,15,60
20251201,5,Evening,20,20,80
20251201,5,Night,9,9,36
20251201,6,Morning,13,13,52
20251201,6,Evening,18,17,68
20251201,6,Night,9,8,32
20251201,7,Morning,16,15,60
20251201,7,Evening,19,19,76
20251201,7,Night,5,4,16
20251201,8,Morning,16,15,60
20251201,8,Evening,21,21,84
20251201,8,Night,7,7,28
20251201,9,Morning,14,14,56
20251201,9,Evening,19,18,72
20251201,9,Night,10,10,40
20251201,10,Morning,17,17,68
20251201,10,Evening,18,18,72
20251201,10,Night,7,7,28
20251201,11,Morning,14,14,56
20251201,11,Evening,15,14,56
20251201,11,Night,7,6,24
20251201,12,Morning,10,10,40
20251201,12,Evening,17,16,64
20251201,12,Night,8,8,32
20251202,1,Morning,19,19,76
20251202,1,Evening,24,24,96
20251202,1,Night,12,11,44
20251202,2,Morning,13,13,52
20251202,2,Evening,16,16,64
20251202,2,Night,4,4,16
20251202,3,Morning,13,13,52
20251202,3,Evening,21,21,84
20251202,3,Night,10,9,36
20251202,4,Morning,16,16,64
20251202,4,Evening,17,16,64
20251202,4,Night,11,11,44
20251202,5,Morning,14,13,52
20251202,5,Evening,19,19,76
20251202,5,Night,6,6,24
20251202,6,Morning,13,12,48
20251202,6,Evening,17,17,68
20251202,6,Night,9,9,36
20251202,7,Morning,14,13,52
20251202,7,Evening,19,19,76
20251202,7,Night,9,9,36
20251202,8,Morning,14,14,56
20251202,8,Evening,19,17,68
20251202,8,Night,6,5,20
20251202,9,Morning,12,12,48
20251202,9,Evening,17,17,68
20251202,9,Night,7,7,28
20251202,10,Morning,15,15,60
20251202,10,Evening,18,18,72
20251202,10,Night,9,9,36
20251202,11,Morning,14,13,52
20251202,11,Evening,16,16,64
20251202,11,Night,7,6,24
20251202,12,Morning,14,14,56
20251202,12,Evening,20,20,80
20251202,12,Night,6,6,24
20251203,1,Morning,19,19,76
20251203,1,Evening,20,20,80
20251203,1,Night,14,14,56
20251203,2,Morning,14,13,52
20251203,2,Evening,15,15,60
20251203,2,Night,10,10,40
20251203,3,Morning,15,15,60
20251203,3,Evening,18,18,72
20251203,3,Night,6,6,24
20251203,4,Morning,14,14,56
20251203,4,Evening,18,18,72
20251203,4,Night,7,7,28
20251203,5,Morning,15,15,60
20251203,5,Evening,17,17,68
20251203,5,Night,7,6,24
20251203,6,Morning,15,14,56
20251203,6,Evening,20,20,80
20251203,6,Night,7,7,28
20251203,7,Morning,17,17,68
20251203,7,Evening,21,20,80
20251203,7,Night,10,10,40
20251203,8,Morning,13,12,48
20251203,8,Evening,20,20,80
20251203,8,Night,10,10,40
20251203,9,Morning,15,14,56
20251203,9,Evening,17,17,68
20251203,9,Night,6,6,24
20251203,10,Morning,13,12,48
20251203,10,Evening,17,16,64
20251203,10,Night,9,9,36
20251203,11,Morning,15,14,56
20251203,11,Evening,17,17,68
20251203,11,Night,6,6,24
20251203,12,Morning,15,15,60
20251203,12,Evening,17,17,68
20251203,12,Night,9,9,36
20251204,1,Morning,20,20,80
20251204,1,Evening,24,23,92
20251204,1,Night,15,15,60
20251204,2,Morning,15,14,56
20251204,2,Evening,18,17,68
20251204,2,Night,11,10,40
20251204,3,Morning,14,14,56
20251204,3,Evening,18,18,72
20251204,3,Night,6,6,24
20251204,4,Morning,15,15,60
20251204,4,Evening,20,18,72
20251204,4,Night,8,6,24
20251204,5,Morning,11,11,44
20251204,5,Evening,19,19,76
20251204,5,Night,8,8,32
20251204,6,Morning,13,13,52
20251204,6,Evening,18,18,72
20251204,6,Night,7,7,28
20251204,7,Morning,12,12,48
20251204,7,Evening,19,19,76
20251204,7,Night,10,10,40
20251204,8,Morning,14,13,52
20251204,8,Evening,17,17,68
20251204,8,Night,5,5,20
20251204,9,Morning,16,16,64
20251204,9,Evening,18,18,72
20251204,9,Night,8,7,28
20251204,10,Morning,17,17,68
20251204,10,Evening,16,14,56
20251204,10,Night,9,8,32
20251204,11,Morning,16,16,64
20251204,11,Evening,19,19,76
20251204,11,Night,7,7,28
20251204,12,Morning,16,16,64
20251204,12,Evening,19,18,72
20251204,12,Night,7,6,24
20251205,1,Morning,21,21,84
20251205,1,Evening,28,27,108
20251205,1,Night,18,17,68
20251205,2,Morning,14,13,52
20251205,2,Evening,18,18,72
20251205,2,Night,10,8,32
20251205,3,Morning,13,13,52
20251205,3,Evening,18,18,72
20251205,3,Night,6,6,24
20251205,4,Morning,14,14,56
20251205,4,Evening,18,17,68
20251205,4,Night,8,8,32
20251205,5,Morning,14,14,56
20251205,5,Evening,18,18,72
20251205,5,Night,8,8,32
20251205,6,Morning,15,15,60
20251205,6,Evening,17,17,68
20251205,6,Night,9,9,36
20251205,7,Morning,13,13,52
20251205,7,Evening,17,16,64
20251205,7,Night,10,10,40
20251205,8,Morning,13,13,52
20251205,8,Evening,17,17,68
20251205,8,Night,10,8,32
20251205,9,Morning,15,15,60
20251205,9,Evening,17,17,68
20251205,9,Night,6,6,24
20251205,10,Morning,15,14,56
20251205,10,Evening,17,17,68
20251205,10,Night,4,3,12
20251205,11,Morning,16,16,64
20251205,11,Evening,17,17,68
20251205,11,Night,7,7,28
20251205,12,Morning,11,11,44
20251205,12,Evening,16,16,64
20251205,12,Night,8,8,32
20251206,1,Morning,23,23,92
20251206,1,Evening,26,26,104
20251206,1,Night,14,14,56
20251206,2,Morning,14,14,56
20251206,2,Evening,15,14,56
20251206,2,Night,9,9,36
20251206,3,Morning,12,12,48
20251206,3,Evening,17,16,64
20251206,3,Night,8,7,28
20251206,4,Morning,11,10,40
20251206,4,Evening,19,19,76
20251206,4,Night,5,4,16
20251206,5,Morning,15,15,60
20251206,5,Evening,19,17,68
20251206,5,Night,10,10,40
20251206,6,Morning,14,14,56
20251206,6,Evening,16,16,64
20251206,6,Night,6,5,20
20251206,7,Morning,16,16,64
20251206,7,Evening,20,19,76
20251206,7,Night,10,9,36
20251206,8,Morning,15,15,60
20251206,8,Evening,20,20,80
20251206,8,Night,10,10,40
20251206,9,Morning,12,11,44
20251206,9,Evening,20,20,80
20251206,9,Night,8,7,28
20251206,10,Morning,13,13,52
20251206,10,Evening,19,18,72
20251206,10,Night,4,4,16
20251206,11,Morning,16,14,56
20251206,11,Evening,18,17,68
20251206,11,Night,9,9,36
20251206,12,Morning,15,13,52
20251206,12,Evening,16,16,64
20251206,12,Night,8,8,32
20251207,1,Morning,22,21,84
20251207,1,Evening,24,24,96
20251207,1,Night,15,14,56
20251207,2,Morning,13,12,48
20251207,2,Evening,19,19,76
20251207,2,Night,9,9,36
20251207,3,Morning,13,12,48
20251207,3,Evening,18,18,72
20251207,3,Night,9,9,36
20251207,4,Morning,14,14,56
20251207,4,Evening,20,20,80
20251207,4,Night,8,8,32
20251207,5,Morning,17,17,68
20251207,5,Evening,16,16,64
20251207,5,Night,9,9,36
20251207,6,Morning,13,12,48
20251207,6,Evening,16,16,64
20251207,6,Night,9,8,32
20251207,7,Morning,14,13,52
20251207,7,Evening,17,16,64
20251207,7,Night,8,8,32
20251207,8,Morning,14,14,56
20251207,8,Evening,17,16,64
20251207,8,Night,6,6,24
20251207,9,Morning,15,15,60
20251207,9,Evening,18,18,72
20251207,9,Night,7,7,28
20251207,10,Morning,13,13,52
20251207,10,Evening,18,17,68
20251207,10,Night,8,8,32
20251207,11,Morning,13,12,48
20251207,11,Evening,21,21,84
20251207,11,Night,9,9,36
20251207,12,Morning,14,14,56
20251207,12,Evening,19,18,72
20251207,12,Night,7,7,28
20251208,1,Morning,23,23,92
20251208,1,Evening,24,24,96
20251208,1,Night,14,14,56
20251208,2,Morning,15,15,60
20251208,2,Evening,19,18,72
20251208,2,Night,8,7,28
20251208,3,Morning,15,15,60
20251208,3,Evening,18,18,72
20251208,3,Night,7,6,24
20251208,4,Morning,15,14,56
20251208,4,Evening,18,18,72
20251208,4,Night,9,9,36
20251208,5,Morning,13,12,48
20251208,5,Evening,19,18,72
20251208,5,Night,9,9,36
20251208,6,Morning,16,16,64
20251208,6,Evening,18,18,72
20251208,6,Night,9,9,36
20251208,7,Morning,16,16,64
20251208,7,Evening,19,19,76
20251208,7,Night,7,7,28
20251208,8,Morning,16,16,64
20251208,8,Evening,20,19,76
20251208,8,Night,9,8,32
20251208,9,Morning,13,13,52
20251208,9,Evening,17,16,64
20251208,9,Night,9,9,36
20251208,10,Morning,17,16,64
20251208,10,Evening,16,15,60
20251208,10,Night,12,12,48
20251208,11,Morning,14,14,56
20251208,11,Evening,19,17,68
20251208,11,Night,8,7,28
20251208,12,Morning,12,12,48
20251208,12,Evening,18,18,72
20251208,12,Night,7,6,24
20251209,1,Morning,20,20,80
20251209,1,Evening,23,22,88
20251209,1,Night,13,11,44
20251209,2,Morning,12,12,48
20251209,2,Evening,19,17,68
20251209,2,Night,8,8,32
20251209,3,Morning,16,15,60
20251209,3,Evening,16,16,64
20251209,3,Night,6,5,20
20251209,4,Morning,15,15,60
20251209,4,Evening,20,20,80
20251209,4,Night,4,4,16
20251209,5,Morning,15,15,60
20251209,5,Evening,15,14,56
20251209,5,Night,8,8,32
20251209,6,Morning,12,11,44
20251209,6,Evening,15,14,56
20251209,6,Night,7,6,24
20251209,7,Morning,14,14,56
20251209,7,Evening,17,16,64
20251209,7,Night,10,9,36
20251209,8,Morning,13,12,48
20251209,8,Evening,17,16,64
20251209,8,Night,6,5,20
20251209,9,Morning,14,14,56
20251209,9,Evening,17,16,64
20251209,9,Night,9,8,32
20251209,10,Morning,13,11,44
20251209,10,Evening,15,15,60
20251209,10,Night,9,9,36
20251209,11,Morning,13,13,52
20251209,11,Evening,17,16,64
20251209,11,Night,7,7,28
20251209,12,Morning,13,13,52
20251209,12,Evening,18,18,72
20251209,12,Night,5,5,20
20251210,1,Morning,19,17,68
20251210,1,Evening,24,24,96
20251210,1,Night,15,15,60
20251210,2,Morning,13,12,48
20251210,2,Evening,17,17,68
20251210,2,Night,8,8,32
20251210,3,Morning,13,12,48
20251210,3,Evening,22,22,88
20251210,3,Night,8,7,28
20251210,4,Morning,14,14,56
20251210,4,Evening,17,17,68
20251210,4,Night,7,6,24
20251210,5,Morning,16,15,60
20251210,5,Evening,15,13,52
20251210,5,Night,7,7,28
20251210,6,Morning,14,14,56
20251210,6,Evening,17,16,64
20251210,6,Night,8,8,32
20251210,7,Morning,12,12,48
20251210,7,Evening,19,18,72
20251210,7,Night,9,8,32
20251210,8,Morning,13,13,52
20251210,8,Evening,18,18,72
20251210,8,Night,9,9,36
20251210,9,Morning,14,13,52
20251210,9,Evening,15,15,60
20251210,9,Night,11,11,44
20251210,10,Morning,15,15,60
20251210,10,Evening,16,15,60
20251210,10,Night,6,6,24
20251210,11,Morning,14,14,56
20251210,11,Evening,18,18,72
20251210,11,Night,8,8,32
20251210,12,Morning,12,12,48
20251210,12,Evening,17,17,68
20251210,12,Night,9,9,36
20251211,1,Morning,21,21,84
20251211,1,Evening,23,23,92
20251211,1,Night,14,14,56
20251211,2,Morning,13,13,52
20251211,2,Evening,20,19,76
20251211,2,Night,11,10,40
20251211,3,Morning,14,14,56
20251211,3,Evening,16,15,60
20251211,3,Night,10,10,40
20251211,4,Morning,14,14,56
20251211,4,Evening,20,19,76
20251211,4,Night,7,6,24
20251211,5,Morning,13,12,48
20251211,5,Evening,17,17,68
20251211,5,Night,10,10,40
20251211,6,Morning,14,13,52
20251211,6,Evening,18,18,72
20251211,6,Night,9,9,36
20251211,7,Morning,15,15,60
20251211,7,Evening,18,18,72
20251211,7,Night,10,9,36
20251211,8,Morning,14,14,56
20251211,8,Evening,19,18,72
20251211,8,Night,9,9,36
20251211,9,Morning,13,13,52
20251211,9,Evening,18,17,68
20251211,9,Night,7,7,28
20251211,10,Morning,15,15,60
20251211,10,Evening,17,17,68
20251211,10,Night,8,7,28
20251211,11,Morning,15,15,60
20251211,11,Evening,20,18,72
20251211,11,Night,7,6,24
20251211,12,Morning,13,12,48
20251211,12,Evening,16,16,64
20251211,12,Night,6,6,24
20251212,1,Morning,20,19,76
20251212,1,Evening,25,25,100
20251212,1,Night,18,18,72
20251212,2,Morning,13,13,52
20251212,2,Evening,18,18,72
20251212,2,Night,8,8,32
20251212,3,Morning,15,15,60
20251212,3,Evening,17,16,64
20251212,3,Night,9,9,36
20251212,4,Morning,16,16,64
20251212,4,Evening,20,20,80
20251212,4,Night,11,11,44
20251212,5,Morning,15,14,56
20251212,5,Evening,19,19,76
20251212,5,Night,9,8,32
20251212,6,Morning,13,13,52
20251212,6,Evening,20,20,80
20251212,6,Night,6,6,24
20251212,7,Morning,14,13,52
20251212,7,Evening,16,15,60
20251212,7,Night,6,6,24
20251212,8,Morning,11,11,44
20251212,8,Evening,18,18,72
20251212,8,Night,8,8,32
20251212,9,Morning,15,15,60
20251212,9,Evening,18,17,68
20251212,9,Night,6,4,16
20251212,10,Morning,15,15,60
20251212,10,Evening,18,16,64
20251212,10,Night,7,6,24
20251212,11,Morning,14,13,52
20251212,11,Evening,17,17,68
20251212,11,Night,8,8,32
20251212,12,Morning,16,15,60
20251212,12,Evening,16,16,64
20251212,12,Night,8,8,32
20251213,1,Morning,23,22,88
20251213,1,Evening,28,28,112
20251213,1,Night,14,14,56
20251213,2,Morning,14,14,56
20251213,2,Evening,18,18,72
20251213,2,Night,5,5,20
20251213,3,Morning,14,14,56
20251213,3,Evening,17,16,64
20251213,3,Night,8,7,28
20251213,4,Morning,17,17,68
20251213,4,Evening,18,18,72
20251213,4,Night,7,6,24
20251213,5,Morning,16,16,64
20251213,5,Evening,20,19,76
20251213,5,Night,7,7,28
20251213,6,Morning,14,14,56
20251213,6,Evening,17,17,68
20251213,6,Night,9,8,32
20251213,7,Morning,16,16,64
20251213,7,Evening,19,19,76
20251213,7,Night,9,9,36
20251213,8,Morning,15,15,60
20251213,8,Evening,18,18,72
20251213,8,Night,9,9,36
20251213,9,Morning,15,15,60
20251213,9,Evening,18,18,72
20251213,9,Night,8,8,32
20251213,10,Morning,12,11,44
20251213,10,Evening,20,20,80
20251213,10,Night,7,7,28
20251213,11,Morning,14,13,52
20251213,11,Evening,19,18,72
20251213,11,Night,5,5,20
20251213,12,Morning,14,14,56
20251213,12,Evening,18,17,68
20251213,12,Night,10,9,36
20251214,1,Morning,18,18,72
20251214,1,Evening,24,24,96
20251214,1,Night,13,13,52
20251214,2,Morning,15,14,56
20251214,2,Evening,16,16,64
20251214,2,Night,7,7,28
20251214,3,Morning,16,16,64
20251214,3,Evening,18,18,72
20251214,3,Night,6,6,24
20251214,4,Morning,12,11,44
20251214,4,Evening,16,15,60
20251214,4,Night,6,6,24
20251214,5,Morning,11,11,44
20251214,5,Evening,20,20,80
20251214,5,Night,7,7,28
20251214,6,Morning,15,15,60
20251214,6,Evening,17,16,64
20251214,6,Night,7,5,20
20251214,7,Morning,18,17,68
20251214,7,Evening,17,17,68
20251214,7,Night,10,10,40
20251214,8,Morning,16,15,60
20251214,8,Evening,18,17,68
20251214,8,Night,7,7,28
20251214,9,Morning,13,12,48
20251214,9,Evening,19,19,76
20251214,9,Night,6,5,20
20251214,10,Morning,15,15,60
20251214,10,Evening,17,17,68
20251214,10,Night,7,7,28
20251214,11,Morning,14,14,56
20251214,11,Evening,17,17,68
20251214,11,Night,6,6,24
20251214,12,Morning,16,16,64
20251214,12,Evening,20,20,80
20251214,12,Night,9,9,36
20251215,1,Morning,21,21,84
20251215,1,Evening,26,26,104
20251215,1,Night,13,13,52
20251215,2,Morning,12,12,48
20251215,2,Evening,17,17,68
20251215,2,Night,6,6,24
20251215,3,Morning,15,15,60
20251215,3,Evening,19,18,72
20251215,3,Night,9,9,36
20251215,4,Morning,15,15,60
20251215,4,Evening,18,17,68
20251215,4,Night,7,7,28
20251215,5,Morning,19,19,76
20251215,5,Evening,17,16,64
20251215,5,Night,8,7,28
20251215,6,Morning,12,12,48
20251215,6,Evening,16,16,64
20251215,6,Night,7,7,28
20251215,7,Morning,16,16,64
20251215,7,Evening,17,17,68
20251215,7,Night,9,9,36
20251215,8,Morning,15,15,60
20251215,8,Evening,19,17,68
20251215,8,Night,8,8,32
20251215,9,Morning,15,15,60
20251215,9,Evening,17,17,68
20251215,9,Night,5,5,20
20251215,10,Morning,14,14,56
20251215,10,Evening,17,16,64
20251215,10,Night,7,7,28
20251215,11,Morning,14,14,56
20251215,11,Evening,16,15,60
20251215,11,Night,8,8,32
20251215,12,Morning,13,13,52
20251215,12,Evening,18,18,72
20251215,12,Night,9,9,36
20251216,1,Morning,19,19,76
20251216,1,Evening,23,23,92
20251216,1,Night,12,12,48
20251216,2,Morning,13,13,52
20251216,2,Evening,18,18,72
20251216,2,Night,7,7,28
20251216,3,Morning,14,14,56
20251216,3,Evening,18,18,72
20251216,3,Night,6,6,24
20251216,4,Morning,12,12,48
20251216,4,Evening,18,17,68
20251216,4,Night,9,8,32
20251216,5,Morning,17,17,68
20251216,5,Evening,18,18,72
20251216,5,Night,9,9,36
20251216,6,Morning,12,11,44
20251216,6,Evening,19,19,76
20251216,6,Night,10,10,40
20251216,7,Morning,14,14,56
20251216,7,Evening,16,16,64
20251216,7,Night,10,10,40
20251216,8,Morning,12,12,48
20251216,8,Evening,19,19,76
20251216,8,Night,9,9,36
20251216,9,Morning,14,14,56
20251216,9,Evening,20,20,80
20251216,9,Night,6,5,20
20251216,10,Morning,14,14,56
20251216,10,Evening,16,15,60
20251216,10,Night,8,8,32
20251216,11,Morning,14,14,56
20251216,11,Evening,18,18,72
20251216,11,Night,10,10,40
20251216,12,Morning,14,13,52
20251216,12,Evening,19,18,72
20251216,12,Night,9,8,32
20251217,1,Morning,19,19,76
20251217,1,Evening,25,24,96
20251217,1,Night,16,16,64
20251217,2,Morning,18,18,72
20251217,2,Evening,16,15,60
20251217,2,Night,5,5,20
20251217,3,Morning,14,14,56
20251217,3,Evening,16,15,60
20251217,3,Night,6,6,24
20251217,4,Morning,14,13,52
20251217,4,Evening,20,20,80
20251217,4,Night,8,8,32
20251217,5,Morning,15,15,60
20251217,5,Evening,20,19,76
20251217,5,Night,9,9,36
20251217,6,Morning,13,12,48
20251217,6,Evening,19,19,76
20251217,6,Night,8,8,32
20251217,7,Morning,15,15,60
20251217,7,Evening,20,20,80
20251217,7,Night,8,7,28
20251217,8,Morning,14,14,56
20251217,8,Evening,19,19,76
20251217,8,Night,7,7,28
20251217,9,Morning,15,14,56
20251217,9,Evening,19,18,72
20251217,9,Night,9,9,36
20251217,10,Morning,16,15,60
20251217,10,Evening,16,15,60
20251217,10,Night,8,7,28
20251217,11,Morning,14,13,52
20251217,11,Evening,17,16,64
20251217,11,Night,8,7,28
20251217,12,Morning,14,14,56
20251217,12,Evening,17,17,68
20251217,12,Night,6,5,20
20251218,1,Morning,19,18,72
20251218,1,Evening,26,26,104
20251218,1,Night,11,10,40
20251218,2,Morning,12,12,48
20251218,2,Evening,19,19,76
20251218,2,Night,9,9,36
20251218,3,Morning,16,15,60
20251218,3,Evening,19,19,76
20251218,3,Night,8,7,28
20251218,4,Morning,15,15,60
20251218,4,Evening,18,18,72
20251218,4,Night,7,5,20
20251218,5,Morning,14,14,56
20251218,5,Evening,18,18,72
20251218,5,Night,9,9,36
20251218,6,Morning,15,15,60
20251218,6,Evening,19,19,76
20251218,6,Night,10,10,40
20251218,7,Morning,16,15,60
20251218,7,Evening,18,18,72
20251218,7,Night,8,8,32
20251218,8,Morning,15,14,56
20251218,8,Evening,16,15,60
20251218,8,Night,7,6,24
20251218,9,Morning,15,14,56
20251218,9,Evening,18,17,68
20251218,9,Night,9,8,32
20251218,10,Morning,15,15,60
20251218,10,Evening,18,18,72
20251218,10,Night,9,9,36
20251218,11,Morning,14,14,56
20251218,11,Evening,20,20,80
20251218,11,Night,5,5,20
20251218,12,Morning,12,12,48
20251218,12,Evening,18,18,72
20251218,12,Night,6,5,20
20251219,1,Morning,23,23,92
20251219,1,Evening,28,28,112
20251219,1,Night,16,15,60
20251219,2,Morning,16,16,64
20251219,2,Evening,20,19,76
20251219,2,Night,8,6,24
20251219,3,Morning,13,13,52
20251219,3,Evening,16,16,64
20251219,3,Night,7,7,28
20251219,4,Morning,15,15,60
20251219,4,Evening,16,16,64
20251219,4,Night,11,11,44
20251219,5,Morning,12,12,48
20251219,5,Evening,20,19,76
20251219,5,Night,7,7,28
20251219,6,Morning,14,13,52
20251219,6,Evening,19,19,76
20251219,6,Night,7,7,28
20251219,7,Morning,14,13,52
20251219,7,Evening,19,19,76
20251219,7,Night,8,7,28
20251219,8,Morning,12,12,48
20251219,8,Evening,17,17,68
20251219,8,Night,10,9,36
20251219,9,Morning,14,13,52
20251219,9,Evening,20,20,80
20251219,9,Night,6,5,20
20251219,10,Morning,13,11,44
20251219,10,Evening,20,20,80
20251219,10,Night,8,7,28
20251219,11,Morning,14,14,56
20251219,11,Evening,17,16,64
20251219,11,Night,8,8,32
20251219,12,Morning,15,15,60
20251219,12,Evening,16,16,64
20251219,12,Night,9,9,36
20251220,1,Morning,24,24,96
20251220,1,Evening,29,29,116
20251220,1,Night,17,16,64
20251220,2,Morning,14,14,56
20251220,2,Evening,18,18,72
20251220,2,Night,8,7,28
20251220,3,Morning,15,15,60
20251220,3,Evening,18,18,72
20251220,3,Night,7,7,28
20251220,4,Morning,12,11,44
20251220,4,Evening,19,19,76
20251220,4,Night,7,6,24
20251220,5,Morning,16,16,64
20251220,5,Evening,18,18,72
20251220,5,Night,7,7,28
20251220,6,Morning,13,12,48
20251220,6,Evening,16,15,60
20251220,6,Night,8,8,32
20251220,7,Morning,13,13,52
20251220,7,Evening,21,21,84
20251220,7,Night,4,3,12
20251220,8,Morning,14,14,56
20251220,8,Evening,17,17,68
20251220,8,Night,9,9,36
20251220,9,Morning,12,11,44
20251220,9,Evening,21,20,80
20251220,9,Night,11,9,36
20251220,10,Morning,13,13,52
20251220,10,Evening,19,18,72
20251220,10,Night,7,7,28
20251220,11,Morning,12,12,48
20251220,11,Evening,18,18,72
20251220,11,Night,6,6,24
20251220,12,Morning,14,13,52
20251220,12,Evening,19,19,76
20251220,12,Night,7,7,28
20251221,1,Morning,20,19,76
20251221,1,Evening,28,28,112
20251221,1,Night,17,17,68
20251221,2,Morning,13,13,52
20251221,2,Evening,15,15,60
20251221,2,Night,8,8,32
20251221,3,Morning,14,13,52
20251221,3,Evening,19,18,72
20251221,3,Night,10,10,40
20251221,4,Morning,15,15,60
20251221,4,Evening,19,18,72
20251221,4,Night,9,9,36
20251221,5,Morning,16,16,64
20251221,5,Evening,19,19,76
20251221,5,Night,5,4,16
20251221,6,Morning,13,13,52
20251221,6,Evening,19,19,76
20251221,6,Night,9,9,36
20251221,7,Morning,14,13,52
20251221,7,Evening,18,18,72
20251221,7,Night,7,7,28
20251221,8,Morning,13,13,52
20251221,8,Evening,21,21,84
20251221,8,Night,8,8,32
20251221,9,Morning,15,14,56
20251221,9,Evening,17,17,68
20251221,9,Night,10,10,40
20251221,10,Morning,14,14,56
20251221,10,Evening,18,16,64
20251221,10,Night,8,8,32
20251221,11,Morning,17,17,68
20251221,11,Evening,19,19,76
20251221,11,Night,9,9,36
20251221,12,Morning,14,13,52
20251221,12,Evening,18,18,72
20251221,12,Night,7,7,28
20251222,1,Morning,23,23,92
20251222,1,Evening,23,23,92
20251222,1,Night,14,13,52
20251222,2,Morning,13,13,52
20251222,2,Evening,17,17,68
20251222,2,Night,9,8,32
20251222,3,Morning,14,14,56
20251222,3,Evening,20,18,72
20251222,3,Night,7,6,24
20251222,4,Morning,14,14,56
20251222,4,Evening,15,15,60
20251222,4,Night,9,9,36
20251222,5,Morning,15,15,60
20251222,5,Evening,18,18,72
20251222,5,Night,7,7,28
20251222,6,Morning,12,12,48
20251222,6,Evening,16,16,64
20251222,6,Night,10,8,32
20251222,7,Morning,13,12,48
20251222,7,Evening,16,15,60
20251222,7,Night,10,10,40
20251222,8,Morning,15,15,60
20251222,8,Evening,18,18,72
20251222,8,Night,9,9,36
20251222,9,Morning,14,14,56
20251222,9,Evening,19,18,72
20251222,9,Night,8,7,28
20251222,10,Morning,15,15,60
20251222,10,Evening,17,17,68
20251222,10,Night,8,7,28
20251222,11,Morning,19,18,72
20251222,11,Evening,18,18,72
20251222,11,Night,5,5,20
20251222,12,Morning,15,14,56
20251222,12,Evening,21,20,80
20251222,12,Night,9,9,36
20251223,1,Morning,20,20,80
20251223,1,Evening,22,22,88
20251223,1,Night,17,16,64
20251223,2,Morning,16,16,64
20251223,2,Evening,18,18,72
20251223,2,Night,8,8,32
20251223,3,Morning,14,14,56
20251223,3,Evening,18,18,72
20251223,3,Night,8,8,32
20251223,4,Morning,15,15,60
20251223,4,Evening,18,17,68
20251223,4,Night,6,6,24
20251223,5,Morning,14,14,56
20251223,5,Evening,16,16,64
20251223,5,Night,11,11,44
20251223,6,Morning,14,13,52
20251223,6,Evening,18,18,72
20251223,6,Night,7,7,28
20251223,7,Morning,12,12,48
20251223,7,Evening,18,17,68
20251223,7,Night,7,6,24
20251223,8,Morning,12,11,44
20251223,8,Evening,19,19,76
20251223,8,Night,9,8,32
20251223,9,Morning,14,14,56
20251223,9,Evening,17,17,68
20251223,9,Night,6,5,20
20251223,10,Morning,14,14,56
20251223,10,Evening,20,20,80
20251223,10,Night,10,10,40
20251223,11,Morning,12,12,48
20251223,11,Evening,17,17,68
20251223,11,Night,9,8,32
20251223,12,Morning,17,17,68
20251223,12,Evening,19,18,72
20251223,12,Night,8,7,28
20251224,1,Morning,19,18,72
20251224,1,Evening,27,27,108
20251224,1,Night,14,13,52
20251224,2,Morning,16,15,60
20251224,2,Evening,17,16,64
20251224,2,Night,7,7,28
20251224,3,Morning,12,12,48
20251224,3,Evening,17,17,68
20251224,3,Night,8,7,28
20251224,4,Morning,15,15,60
20251224,4,Evening,18,18,72
20251224,4,Night,13,12,48
20251224,5,Morning,15,15,60
20251224,5,Evening,19,19,76
20251224,5,Night,8,8,32
20251224,6,Morning,14,14,56
20251224,6,Evening,18,18,72
20251224,6,Night,10,10,40
20251224,7,Morning,14,13,52
20251224,7,Evening,18,17,68
20251224,7,Night,9,9,36
20251224,8,Morning,13,13,52
20251224,8,Evening,17,16,64
20251224,8,Night,8,8,32
20251224,9,Morning,14,13,52
20251224,9,Evening,19,18,72
20251224,9,Night,7,6,24
20251224,10,Morning,12,12,48
20251224,10,Evening,19,18,72
20251224,10,Night,9,9,36
20251224,11,Morning,13,12,48
20251224,11,Evening,17,17,68
20251224,11,Night,8,7,28
20251224,12,Morning,13,13,52
20251224,12,Evening,18,17,68
20251224,12,Night,7,6,24
20251225,1,Morning,19,18,72
20251225,1,Evening,24,24,96
20251225,1,Night,14,14,56
20251225,2,Morning,16,15,60
20251225,2,Evening,19,18,72
20251225,2,Night,9,9,36
20251225,3,Morning,15,14,56
20251225,3,Evening,18,18,72
20251225,3,Night,7,7,28
20251225,4,Morning,12,12,48
20251225,4,Evening,19,19,76
20251225,4,Night,10,10,40
20251225,5,Morning,15,15,60
20251225,5,Evening,18,18,72
20251225,5,Night,6,6,24
20251225,6,Morning,14,14,56
20251225,6,Evening,18,17,68
20251225,6,Night,11,10,40
20251225,7,Morning,14,14,56
20251225,7,Evening,18,18,72
20251225,7,Night,6,4,16
20251225,8,Morning,17,17,68
20251225,8,Evening,19,18,72
20251225,8,Night,8,7,28
20251225,9,Morning,13,13,52
20251225,9,Evening,18,18,72
20251225,9,Night,8,7,28
20251225,10,Morning,17,17,68
20251225,10,Evening,17,16,64
20251225,10,Night,8,8,32
20251225,11,Morning,16,15,60
20251225,11,Evening,16,16,64
20251225,11,Night,8,8,32
20251225,12,Morning,16,15,60
20251225,12,Evening,20,20,80
20251225,12,Night,9,8,32
20251226,1,Morning,20,19,76
20251226,1,Evening,25,25,100
20251226,1,Night,16,16,64
20251226,2,Morning,14,13,52
20251226,2,Evening,16,16,64
20251226,2,Night,6,6,24
20251226,3,Morning,16,16,64
20251226,3,Evening,19,19,76
20251226,3,Night,7,6,24
20251226,4,Morning,15,15,60
20251226,4,Evening,21,21,84
20251226,4,Night,7,7,28
20251226,5,Morning,14,13,52
20251226,5,Evening,16,15,60
20251226,5,Night,8,8,32
20251226,6,Morning,13,13,52
20251226,6,Evening,18,17,68
20251226,6,Night,7,7,28
20251226,7,Morning,14,13,52
20251226,7,Evening,18,18,72
20251226,7,Night,10,9,36
20251226,8,Morning,17,16,64
20251226,8,Evening,16,14,56
20251226,8,Night,8,7,28
20251226,9,Morning,13,13,52
20251226,9,Evening,20,20,80
20251226,9,Night,6,5,20
20251226,10,Morning,14,12,48
20251226,10,Evening,19,18,72
20251226,10,Night,8,8,32
20251226,11,Morning,13,13,52
20251226,11,Evening,20,20,80
20251226,11,Night,10,8,32
20251226,12,Morning,16,16,64
20251226,12,Evening,19,19,76
20251226,12,Night,10,10,40
20251227,1,Morning,22,21,84
20251227,1,Evening,26,26,104
20251227,1,Night,16,16,64
20251227,2,Morning,16,16,64
20251227,2,Evening,20,19,76
20251227,2,Night,11,9,36
20251227,3,Morning,14,13,52
20251227,3,Evening,18,18,72
20251227,3,Night,8,8,32
20251227,4,Morning,12,11,44
20251227,4,Evening,17,17,68
20251227,4,Night,9,9,36
20251227,5,Morning,17,17,68
20251227,5,Evening,16,16,64
20251227,5,Night,8,8,32
20251227,6,Morning,13,13,52
20251227,6,Evening,21,19,76
20251227,6,Night,6,5,20
20251227,7,Morning,12,11,44
20251227,7,Evening,18,18,72
20251227,7,Night,8,8,32
20251227,8,Morning,13,13,52
20251227,8,Evening,17,17,68
20251227,8,Night,9,9,36
20251227,9,Morning,15,15,60
20251227,9,Evening,21,21,84
20251227,9,Night,6,5,20
20251227,10,Morning,15,15,60
20251227,10,Evening,20,20,80
20251227,10,Night,10,10,40
20251227,11,Morning,17,17,68
20251227,11,Evening,17,17,68
20251227,11,Night,11,11,44
20251227,12,Morning,16,16,64
20251227,12,Evening,18,18,72
20251227,12,Night,7,6,24
20251228,1,Morning,18,17,68
20251228,1,Evening,24,23,92
20251228,1,Night,15,15,60
20251228,2,Morning,14,13,52
20251228,2,Evening,17,17,68
20251228,2,Night,6,4,16
20251228,3,Morning,12,12,48
20251228,3,Evening,16,15,60
20251228,3,Night,6,5,20
20251228,4,Morning,13,13,52
20251228,4,Evening,19,17,68
20251228,4,Night,7,7,28
20251228,5,Morning,13,12,48
20251228,5,Evening,18,18,72
20251228,5,Night,9,8,32
20251228,6,Morning,14,14,56
20251228,6,Evening,17,17,68
20251228,6,Night,8,7,28
20251228,7,Morning,14,14,56
20251228,7,Evening,18,18,72
20251228,7,Night,7,6,24
20251228,8,Morning,12,12,48
20251228,8,Evening,17,17,68
20251228,8,Night,10,9,36
20251228,9,Morning,12,12,48
20251228,9,Evening,22,21,84
20251228,9,Night,7,5,20
20251228,10,Morning,12,12,48
20251228,10,Evening,17,16,64
20251228,10,Night,7,7,28
20251228,11,Morning,14,14,56
20251228,11,Evening,16,16,64
20251228,11,Night,11,11,44
20251228,12,Morning,14,13,52
20251228,12,Evening,19,18,72
20251228,12,Night,10,9,36
20251229,1,Morning,23,23,92
20251229,1,Evening,24,24,96
20251229,1,Night,11,10,40
20251229,2,Morning,15,15,60
20251229,2,Evening,18,17,68
20251229,2,Night,8,8,32
20251229,3,Morning,15,14,56
20251229,3,Evening,17,17,68
20251229,3,Night,7,6,24
20251229,4,Morning,15,15,60
20251229,4,Evening,16,15,60
20251229,4,Night,9,9,36
20251229,5,Morning,17,16,64
20251229,5,Evening,19,19,76
20251229,5,Night,10,10,40
20251229,6,Morning,14,13,52
20251229,6,Evening,17,17,68
20251229,6,Night,10,10,40
20251229,7,Morning,17,16,64
20251229,7,Evening,17,15,60
20251229,7,Night,5,5,20
20251229,8,Morning,14,14,56
20251229,8,Evening,18,17,68
20251229,8,Night,11,11,44
20251229,9,Morning,14,13,52
20251229,9,Evening,18,17,68
20251229,9,Night,9,7,28
20251229,10,Morning,15,14,56
20251229,10,Evening,16,16,64
20251229,10,Night,7,7,28
20251229,11,Morning,17,16,64
20251229,11,Evening,19,19,76
20251229,11,Night,6,5,20
20251229,12,Morning,13,13,52
20251229,12,Evening,18,17,68
20251229,12,Night,7,6,24
20251230,1,Morning,19,17,68
20251230,1,Evening,22,22,88
20251230,1,Night,16,16,64
20251230,2,Morning,12,12,48
20251230,2,Evening,17,16,64
20251230,2,Night,9,8,32
20251230,3,Morning,11,10,40
20251230,3,Evening,17,16,64
20251230,3,Night,9,9,36
20251230,4,Morning,16,16,64
20251230,4,Evening,17,17,68
20251230,4,Night,8,8,32
20251230,5,Morning,13,12,48
20251230,5,Evening,16,16,64
20251230,5,Night,8,7,28
20251230,6,Morning,15,15,60
20251230,6,Evening,19,19,76
20251230,6,Night,9,9,36
20251230,7,Morning,13,13,52
20251230,7,Evening,16,15,60
20251230,7,Night,6,5,20
20251230,8,Morning,13,13,52
20251230,8,Evening,19,19,76
20251230,8,Night,7,7,28
20251230,9,Morning,13,12,48
20251230,9,Evening,19,18,72
20251230,9,Night,11,11,44
20251230,10,Morning,17,17,68
20251230,10,Evening,19,17,68
20251230,10,Night,7,7,28
20251230,11,Morning,14,13,52
20251230,11,Evening,21,21,84
20251230,11,Night,10,9,36
20251230,12,Morning,15,15,60
20251230,12,Evening,18,18,72
20251230,12,Night,6,5,20
20251231,1,Morning,21,21,84
20251231,1,Evening,24,24,96
20251231,1,Night,15,15,60
20251231,2,Morning,13,13,52
20251231,2,Evening,19,19,76
20251231,2,Night,6,6,24
20251231,3,Morning,15,15,60
20251231,3,Evening,18,16,64
20251231,3,Night,9,8,32
20251231,4,Morning,14,13,52
20251231,4,Evening,20,20,80
20251231,4,Night,7,7,28
20251231,5,Morning,16,16,64
20251231,5,Evening,19,19,76
20251231,5,Night,10,10,40
20251231,6,Morning,14,14,56
20251231,6,Evening,16,16,64
20251231,6,Night,11,11,44
20251231,7,Morning,17,16,64
20251231,7,Evening,17,17,68
20251231,7,Night,11,11,44
20251231,8,Morning,12,12,48
20251231,8,Evening,18,18,72
20251231,8,Night,7,6,24
20251231,9,Morning,15,14,56
20251231,9,Evening,18,18,72
20251231,9,Night,8,7,28
20251231,10,Morning,16,16,64
20251231,10,Evening,18,17,68
20251231,10,Night,10,9,36
20251231,11,Morning,13,13,52
20251231,11,Evening,18,18,72
20251231,11,Night,8,8,32
20251231,12,Morning,14,13,52
20251231,12,Evening,17,16,64
20251231,12,Night,9,9,36
20260101,1,Morning,20,20,80
20260101,1,Evening,24,24,96
20260101,1,Night,12,11,44
20260101,2,Morning,14,14,56
20260101,2,Evening,14,14,56
20260101,2,Night,7,6,24
20260101,3,Morning,15,15,60
20260101,3,Evening,18,18,72
20260101,3,Night,9,8,32
20260101,4,Morning,14,14,56
20260101,4,Evening,18,18,72
20260101,4,Night,9,9,36
20260101,5,Morning,14,14,56
20260101,5,Evening,21,21,84
20260101,5,Night,9,8,32
20260101,6,Morning,12,12,48
20260101,6,Evening,18,16,64
20260101,6,Night,8,8,32
20260101,7,Morning,11,10,40
20260101,7,Evening,17,16,64
20260101,7,Night,9,9,36
20260101,8,Morning,13,13,52
20260101,8,Evening,18,18,72
20260101,8,Night,8,7,28
20260101,9,Morning,15,15,60
20260101,9,Evening,18,18,72
20260101,9,Night,6,5,20
20260101,10,Morning,14,14,56
20260101,10,Evening,17,16,64
20260101,10,Night,7,7,28
20260101,11,Morning,14,14,56
20260101,11,Evening,18,18,72
20260101,11,Night,9,9,36
20260101,12,Morning,16,15,60
20260101,12,Evening,18,18,72
20260101,12,Night,7,7,28
20260102,1,Morning,20,20,80
20260102,1,Evening,28,28,112
20260102,1,Night,15,14,56
20260102,2,Morning,14,13,52
20260102,2,Evening,16,16,64
20260102,2,Night,9,9,36
20260102,3,Morning,13,12,48
20260102,3,Evening,19,19,76
20260102,3,Night,7,7,28
20260102,4,Morning,15,14,56
20260102,4,Evening,20,20,80
20260102,4,Night,9,9,36
20260102,5,Morning,13,13,52
20260102,5,Evening,16,15,60
20260102,5,Night,10,10,40
20260102,6,Morning,15,15,60
20260102,6,Evening,19,19,76
20260102,6,Night,8,7,28
20260102,7,Morning,12,12,48
20260102,7,Evening,18,18,72
20260102,7,Night,8,8,32
20260102,8,Morning,13,13,52
20260102,8,Evening,18,18,72
20260102,8,Night,5,4,16
20260102,9,Morning,13,13,52
20260102,9,Evening,18,18,72
20260102,9,Night,7,6,24
20260102,10,Morning,17,16,64
20260102,10,Evening,18,18,72
20260102,10,Night,8,8,32
20260102,11,Morning,14,14,56
20260102,11,Evening,18,17,68
20260102,11,Night,9,9,36
20260102,12,Morning,16,16,64
20260102,12,Evening,19,19,76
20260102,12,Night,8,7,28
20260103,1,Morning,21,21,84
20260103,1,Evening,24,24,96
20260103,1,Night,16,16,64
20260103,2,Morning,12,12,48
20260103,2,Evening,19,18,72
20260103,2,Night,9,9,36
20260103,3,Morning,14,13,52
20260103,3,Evening,17,17,68
20260103,3,Night,9,9,36
20260103,4,Morning,13,13,52
20260103,4,Evening,14,14,56
20260103,4,Night,8,7,28
20260103,5,Morning,16,16,64
20260103,5,Evening,20,20,80
20260103,5,Night,10,10,40
20260103,6,Morning,14,13,52
20260103,6,Evening,17,17,68
20260103,6,Night,10,10,40
20260103,7,Morning,14,14,56
20260103,7,Evening,19,19,76
20260103,7,Night,7,6,24
20260103,8,Morning,15,14,56
20260103,8,Evening,17,16,64
20260103,8,Night,9,9,36
20260103,9,Morning,12,12,48
20260103,9,Evening,20,20,80
20260103,9,Night,8,8,32
20260103,10,Morning,15,15,60
20260103,10,Evening,16,15,60
20260103,10,Night,8,8,32
20260103,11,Morning,14,14,56
20260103,11,Evening,20,20,80
20260103,11,Night,8,7,28
20260103,12,Morning,13,13,52
20260103,12,Evening,18,18,72
20260103,12,Night,6,6,24
20260104,1,Morning,20,20,80
20260104,1,Evening,23,22,88
20260104,1,Night,15,15,60
20260104,2,Morning,16,15,60
20260104,2,Evening,19,19,76
20260104,2,Night,9,9,36
20260104,3,Morning,13,13,52
20260104,3,Evening,19,18,72
20260104,3,Night,9,9,36
20260104,4,Morning,13,13,52
20260104,4,Evening,20,20,80
20260104,4,Night,6,6,24
20260104,5,Morning,14,13,52
20260104,5,Evening,16,16,64
20260104,5,Night,9,8,32
20260104,6,Morning,15,15,60
20260104,6,Evening,17,16,64
20260104,6,Night,10,10,40
20260104,7,Morning,15,15,60
20260104,7,Evening,20,20,80
20260104,7,Night,10,10,40
20260104,8,Morning,13,13,52
20260104,8,Evening,16,16,64
20260104,8,Night,8,8,32
20260104,9,Morning,12,12,48
20260104,9,Evening,20,20,80
20260104,9,Night,10,10,40
20260104,10,Morning,13,13,52
20260104,10,Evening,16,16,64
20260104,10,Night,6,6,24
20260104,11,Morning,14,12,48
20260104,11,Evening,19,19,76
20260104,11,Night,7,7,28
20260104,12,Morning,13,13,52
20260104,12,Evening,20,19,76
20260104,12,Night,7,7,28
20260105,1,Morning,18,18,72
20260105,1,Evening,23,21,84
20260105,1,Night,14,13,52
20260105,2,Morning,13,12,48
20260105,2,Evening,16,16,64
20260105,2,Night,9,9,36
20260105,3,Morning,12,12,48
20260105,3,Evening,16,16,64
20260105,3,Night,13,13,52
20260105,4,Morning,16,16,64
20260105,4,Evening,19,18,72
20260105,4,Night,7,7,28
20260105,5,Morning,13,13,52
20260105,5,Evening,17,17,68
20260105,5,Night,5,4,16
20260105,6,Morning,16,16,64
20260105,6,Evening,19,18,72
20260105,6,Night,8,7,28
20260105,7,Morning,14,14,56
20260105,7,Evening,17,16,64
20260105,7,Night,6,6,24
20260105,8,Morning,12,12,48
20260105,8,Evening,18,18,72
20260105,8,Night,9,9,36
20260105,9,Morning,12,12,48
20260105,9,Evening,19,19,76
20260105,9,Night,10,10,40
20260105,10,Morning,14,13,52
20260105,10,Evening,17,17,68
20260105,10,Night,9,9,36
20260105,11,Morning,15,15,60
20260105,11,Evening,16,15,60
20260105,11,Night,6,6,24
20260105,12,Morning,13,13,52
20260105,12,Evening,20,20,80
20260105,12,Night,8,8,32
20260106,1,Morning,18,18,72
20260106,1,Evening,26,26,104
20260106,1,Night,16,16,64
20260106,2,Morning,13,12,48
20260106,2,Evening,16,15,60
20260106,2,Night,8,8,32
20260106,3,Morning,14,14,56
20260106,3,Evening,17,15,60
20260106,3,Night,8,8,32
20260106,4,Morning,14,14,56
20260106,4,Evening,19,19,76
20260106,4,Night,9,9,36
20260106,5,Morning,16,16,64
20260106,5,Evening,17,17,68
20260106,5,Night,9,8,32
20260106,6,Morning,13,13,52
20260106,6,Evening,20,20,80
20260106,6,Night,8,7,28
20260106,7,Morning,14,14,56
20260106,7,Evening,18,17,68
20260106,7,Night,5,3,12
20260106,8,Morning,14,14,56
20260106,8,Evening,17,17,68
20260106,8,Night,9,9,36
20260106,9,Morning,16,16,64
20260106,9,Evening,18,18,72
20260106,9,Night,8,8,32
20260106,10,Morning,15,15,60
20260106,10,Evening,17,17,68
20260106,10,Night,9,8,32
20260106,11,Morning,15,13,52
20260106,11,Evening,18,18,72
20260106,11,Night,9,8,32
20260106,12,Morning,15,15,60
20260106,12,Evening,17,16,64
20260106,12,Night,8,6,24
20260107,1,Morning,18,18,72
20260107,1,Evening,26,26,104
20260107,1,Night,14,13,52
20260107,2,Morning,10,10,40
20260107,2,Evening,19,19,76
20260107,2,Night,7,7,28
20260107,3,Morning,12,11,44
20260107,3,Evening,15,15,60
20260107,3,Night,7,7,28
20260107,4,Morning,15,15,60
20260107,4,Evening,20,19,76
20260107,4,Night,7,6,24
20260107,5,Morning,12,12,48
20260107,5,Evening,17,15,60
20260107,5,Night,7,7,28
20260107,6,Morning,13,13,52
20260107,6,Evening,18,17,68
20260107,6,Night,9,9,36
20260107,7,Morning,13,13,52
20260107,7,Evening,19,18,72
20260107,7,Night,8,7,28
20260107,8,Morning,14,14,56
20260107,8,Evening,18,17,68
20260107,8,Night,7,7,28
20260107,9,Morning,13,13,52
20260107,9,Evening,19,19,76
20260107,9,Night,10,10,40
20260107,10,Morning,11,9,36
20260107,10,Evening,20,20,80
20260107,10,Night,9,9,36
20260107,11,Morning,13,13,52
20260107,11,Evening,17,17,68
20260107,11,Night,6,6,24
20260107,12,Morning,14,14,56
20260107,12,Evening,17,17,68
20260107,12,Night,9,9,36
20260108,1,Morning,21,20,80
20260108,1,Evening,20,19,76
20260108,1,Night,17,17,68
20260108,2,Morning,14,12,48
20260108,2,Evening,18,17,68
20260108,2,Night,8,8,32
20260108,3,Morning,16,15,60
20260108,3,Evening,19,18,72
20260108,3,Night,8,8,32
20260108,4,Morning,15,14,56
20260108,4,Evening,20,19,76
20260108,4,Night,9,9,36
20260108,5,Morning,12,12,48
20260108,5,Evening,18,18,72
20260108,5,Night,9,8,32
20260108,6,Morning,12,12,48
20260108,6,Evening,19,19,76
20260108,6,Night,10,10,40
20260108,7,Morning,15,14,56
20260108,7,Evening,17,17,68
20260108,7,Night,8,8,32
20260108,8,Morning,16,16,64
20260108,8,Evening,16,16,64
20260108,8,Night,8,8,32
20260108,9,Morning,13,12,48
20260108,9,Evening,15,15,60
20260108,9,Night,8,8,32
20260108,10,Morning,14,13,52
20260108,10,Evening,19,19,76
20260108,10,Night,9,9,36
20260108,11,Morning,14,13,52
20260108,11,Evening,16,15,60
20260108,11,Night,6,5,20
20260108,12,Morning,14,14,56
20260108,12,Evening,20,19,76
20260108,12,Night,7,6,24
20260109,1,Morning,21,21,84
20260109,1,Evening,28,28,112
20260109,1,Night,13,13,52
20260109,2,Morning,16,16,64
20260109,2,Evening,19,19,76
20260109,2,Night,8,8,32
20260109,3,Morning,13,12,48
20260109,3,Evening,21,21,84
20260109,3,Night,8,8,32
20260109,4,Morning,16,16,64
20260109,4,Evening,18,17,68
20260109,4,Night,11,10,40
20260109,5,Morning,13,13,52
20260109,5,Evening,17,17,68
20260109,5,Night,7,7,28
20260109,6,Morning,12,12,48
20260109,6,Evening,19,18,72
20260109,6,Night,8,8,32
20260109,7,Morning,12,12,48
20260109,7,Evening,19,17,68
20260109,7,Night,6,5,20
20260109,8,Morning,16,16,64
20260109,8,Evening,20,20,80
20260109,8,Night,9,9,36
20260109,9,Morning,14,14,56
20260109,9,Evening,19,19,76
20260109,9,Night,8,7,28
20260109,10,Morning,14,13,52
20260109,10,Evening,19,19,76
20260109,10,Night,9,9,36
20260109,11,Morning,15,15,60
20260109,11,Evening,19,19,76
20260109,11,Night,10,9,36
20260109,12,Morning,14,14,56
20260109,12,Evening,16,16,64
20260109,12,Night,10,10,40
20260110,1,Morning,18,18,72
20260110,1,Evening,27,27,108
20260110,1,Night,13,13,52
20260110,2,Morning,12,12,48
20260110,2,Evening,18,18,72
20260110,2,Night,8,8,32
20260110,3,Morning,13,13,52
20260110,3,Evening,18,17,68
20260110,3,Night,9,9,36
20260110,4,Morning,13,13,52
20260110,4,Evening,17,17,68
20260110,4,Night,8,8,32
20260110,5,Morning,15,15,60
20260110,5,Evening,18,17,68
20260110,5,Night,8,7,28
20260110,6,Morning,13,13,52
20260110,6,Evening,16,16,64
20260110,6,Night,10,10,40
20260110,7,Morning,17,16,64
20260110,7,Evening,20,20,80
20260110,7,Night,8,8,32
20260110,8,Morning,13,13,52
20260110,8,Evening,15,14,56
20260110,8,Night,8,8,32
20260110,9,Morning,16,16,64
20260110,9,Evening,18,17,68
20260110,9,Night,9,8,32
20260110,10,Morning,15,15,60
20260110,10,Evening,17,17,68
20260110,10,Night,8,8,32
20260110,11,Morning,18,18,72
20260110,11,Evening,20,20,80
20260110,11,Night,7,6,24
20260110,12,Morning,15,15,60
20260110,12,Evening,19,19,76
20260110,12,Night,8,8,32
20260111,1,Morning,19,19,76
20260111,1,Evening,24,24,96
20260111,1,Night,14,14,56
20260111,2,Morning,15,15,60
20260111,2,Evening,18,18,72
20260111,2,Night,7,6,24
20260111,3,Morning,14,14,56
20260111,3,Evening,20,20,80
20260111,3,Night,9,9,36
20260111,4,Morning,15,15,60
20260111,4,Evening,17,17,68
20260111,4,Night,6,6,24
20260111,5,Morning,15,15,60
20260111,5,Evening,18,18,72
20260111,5,Night,8,8,32
20260111,6,Morning,13,13,52
20260111,6,Evening,17,17,68
20260111,6,Night,11,11,44
20260111,7,Morning,16,16,64
20260111,7,Evening,20,20,80
20260111,7,Night,8,7,28
20260111,8,Morning,15,15,60
20260111,8,Evening,17,16,64
20260111,8,Night,9,8,32
20260111,9,Morning,13,13,52
20260111,9,Evening,16,15,60
20260111,9,Night,5,5,20
20260111,10,Morning,15,14,56
20260111,10,Evening,21,21,84
20260111,10,Night,7,6,24
20260111,11,Morning,12,11,44
20260111,11,Evening,17,16,64
20260111,11,Night,7,7,28
20260111,12,Morning,15,15,60
20260111,12,Evening,19,18,72
20260111,12,Night,6,6,24
20260112,1,Morning,18,18,72
20260112,1,Evening,25,25,100
20260112,1,Night,12,12,48
20260112,2,Morning,13,13,52
20260112,2,Evening,18,18,72
20260112,2,Night,10,10,40
20260112,3,Morning,15,15,60
20260112,3,Evening,18,18,72
20260112,3,Night,9,9,36
20260112,4,Morning,14,14,56
20260112,4,Evening,21,20,80
20260112,4,Night,9,8,32
20260112,5,Morning,14,14,56
20260112,5,Evening,15,15,60
20260112,5,Night,8,8,32
20260112,6,Morning,15,15,60
20260112,6,Evening,18,18,72
20260112,6,Night,5,5,20
20260112,7,Morning,14,14,56
20260112,7,Evening,17,17,68
20260112,7,Night,8,8,32
20260112,8,Morning,15,15,60
20260112,8,Evening,19,18,72
20260112,8,Night,6,6,24
20260112,9,Morning,14,13,52
20260112,9,Evening,18,17,68
20260112,9,Night,9,8,32
20260112,10,Morning,13,12,48
20260112,10,Evening,19,18,72
20260112,10,Night,9,9,36
20260112,11,Morning,16,16,64
20260112,11,Evening,17,17,68
20260112,11,Night,7,5,20
20260112,12,Morning,16,16,64
20260112,12,Evening,17,16,64
20260112,12,Night,7,6,24
20260113,1,Morning,20,19,76
20260113,1,Evening,25,25,100
20260113,1,Night,15,15,60
20260113,2,Morning,15,15,60
20260113,2,Evening,17,17,68
20260113,2,Night,7,6,24
20260113,3,Morning,14,13,52
20260113,3,Evening,18,17,68
20260113,3,Night,8,6,24
20260113,4,Morning,12,11,44
20260113,4,Evening,19,19,76
20260113,4,Night,8,8,32
20260113,5,Morning,12,12,48
20260113,5,Evening,19,19,76
20260113,5,Night,9,9,36
20260113,6,Morning,15,15,60
20260113,6,Evening,17,17,68
20260113,6,Night,9,9,36
20260113,7,Morning,14,13,52
20260113,7,Evening,19,18,72
20260113,7,Night,7,7,28
20260113,8,Morning,13,13,52
20260113,8,Evening,18,18,72
20260113,8,Night,8,7,28
20260113,9,Morning,16,16,64
20260113,9,Evening,19,19,76
20260113,9,Night,7,7,28
20260113,10,Morning,18,18,72
20260113,10,Evening,18,18,72
20260113,10,Night,10,10,40
20260113,11,Morning,15,14,56
20260113,11,Evening,15,15,60
20260113,11,Night,7,7,28
20260113,12,Morning,16,16,64
20260113,12,Evening,22,22,88
20260113,12,Night,8,7,28
20260114,1,Morning,21,20,80
20260114,1,Evening,25,23,92
20260114,1,Night,17,17,68
20260114,2,Morning,13,13,52
20260114,2,Evening,20,20,80
20260114,2,Night,9,8,32
20260114,3,Morning,14,14,56
20260114,3,Evening,18,17,68
20260114,3,Night,8,7,28
20260114,4,Morning,15,15,60
20260114,4,Evening,22,22,88
20260114,4,Night,8,8,32
20260114,5,Morning,15,15,60
20260114,5,Evening,17,16,64
20260114,5,Night,8,8,32
20260114,6,Morning,12,12,48
20260114,6,Evening,18,18,72
20260114,6,Night,10,10,40
20260114,7,Morning,13,13,52
20260114,7,Evening,20,20,80
20260114,7,Night,10,9,36
20260114,8,Morning,12,11,44
20260114,8,Evening,19,18,72
20260114,8,Night,4,3,12
20260114,9,Morning,13,13,52
20260114,9,Evening,17,16,64
20260114,9,Night,7,7,28
20260114,10,Morning,11,10,40
20260114,10,Evening,20,20,80
20260114,10,Night,7,6,24
20260114,11,Morning,13,13,52
20260114,11,Evening,20,19,76
20260114,11,Night,9,9,36
20260114,12,Morning,14,14,56
20260114,12,Evening,17,16,64
20260114,12,Night,9,9,36
20260115,1,Morning,20,20,80
20260115,1,Evening,24,24,96
20260115,1,Night,15,14,56
20260115,2,Morning,14,13,52
20260115,2,Evening,15,15,60
20260115,2,Night,9,9,36
20260115,3,Morning,13,12,48
20260115,3,Evening,17,17,68
20260115,3,Night,8,8,32
20260115,4,Morning,15,15,60
20260115,4,Evening,21,20,80
20260115,4,Night,7,7,28
20260115,5,Morning,13,13,52
20260115,5,Evening,17,17,68
20260115,5,Night,10,10,40
20260115,6,Morning,14,13,52
20260115,6,Evening,20,20,80
20260115,6,Night,10,9,36
20260115,7,Morning,15,15,60
20260115,7,Evening,17,15,60
20260115,7,Night,7,7,28
20260115,8,Morning,16,16,64
20260115,8,Evening,20,20,80
20260115,8,Night,9,9,36
20260115,9,Morning,14,13,52
20260115,9,Evening,19,18,72
20260115,9,Night,8,7,28
20260115,10,Morning,15,15,60
20260115,10,Evening,16,16,64
20260115,10,Night,8,7,28
20260115,11,Morning,15,14,56
20260115,11,Evening,17,17,68
20260115,11,Night,6,6,24
20260115,12,Morning,14,14,56
20260115,12,Evening,16,16,64
20260115,12,Night,7,7,28
20260116,1,Morning,22,22,88
20260116,1,Evening,25,25,100
20260116,1,Night,16,16,64
20260116,2,Morning,14,14,56
20260116,2,Evening,18,18,72
20260116,2,Night,6,6,24
20260116,3,Morning,14,13,52
20260116,3,Evening,16,16,64
20260116,3,Night,9,9,36
20260116,4,Morning,15,15,60
20260116,4,Evening,21,20,80
20260116,4,Night,8,8,32
20260116,5,Morning,14,14,56
20260116,5,Evening,19,19,76
20260116,5,Night,11,11,44
20260116,6,Morning,15,15,60
20260116,6,Evening,18,18,72
20260116,6,Night,5,4,16
20260116,7,Morning,17,17,68
20260116,7,Evening,16,16,64
20260116,7,Night,6,6,24
20260116,8,Morning,17,16,64
20260116,8,Evening,20,19,76
20260116,8,Night,10,8,32
20260116,9,Morning,17,17,68
20260116,9,Evening,18,17,68
20260116,9,Night,7,7,28
20260116,10,Morning,14,13,52
20260116,10,Evening,17,17,68
20260116,10,Night,10,10,40
20260116,11,Morning,15,14,56
20260116,11,Evening,16,14,56
20260116,11,Night,8,7,28
20260116,12,Morning,17,17,68
20260116,12,Evening,17,17,68
20260116,12,Night,6,6,24
20260117,1,Morning,22,22,88
20260117,1,Evening,28,27,108
20260117,1,Night,15,14,56
20260117,2,Morning,14,14,56
20260117,2,Evening,16,16,64
20260117,2,Night,8,8,32
20260117,3,Morning,15,15,60
20260117,3,Evening,18,16,64
20260117,3,Night,9,9,36
20260117,4,Morning,13,13,52
20260117,4,Evening,20,20,80
20260117,4,Night,7,6,24
20260117,5,Morning,15,15,60
20260117,5,Evening,16,16,64
20260117,5,Night,9,8,32
20260117,6,Morning,14,13,52
20260117,6,Evening,17,17,68
20260117,6,Night,9,9,36
20260117,7,Morning,13,12,48
20260117,7,Evening,21,21,84
20260117,7,Night,8,7,28
20260117,8,Morning,15,15,60
20260117,8,Evening,18,18,72
20260117,8,Night,10,10,40
20260117,9,Morning,14,14,56
20260117,9,Evening,17,15,60
20260117,9,Night,8,8,32
20260117,10,Morning,15,15,60
20260117,10,Evening,19,19,76
20260117,10,Night,9,9,36
20260117,11,Morning,13,13,52
20260117,11,Evening,19,18,72
20260117,11,Night,8,8,32
20260117,12,Morning,13,13,52
20260117,12,Evening,17,17,68
20260117,12,Night,7,7,28
20260118,1,Morning,19,18,72
20260118,1,Evening,23,22,88
20260118,1,Night,15,15,60
20260118,2,Morning,13,13,52
20260118,2,Evening,18,18,72
20260118,2,Night,8,8,32
20260118,3,Morning,13,12,48
20260118,3,Evening,20,19,76
20260118,3,Night,5,5,20
20260118,4,Morning,12,11,44
20260118,4,Evening,19,19,76
20260118,4,Night,10,10,40
20260118,5,Morning,13,13,52
20260118,5,Evening,20,19,76
20260118,5,Night,7,7,28
20260118,6,Morning,12,11,44
20260118,6,Evening,18,18,72
20260118,6,Night,8,8,32
20260118,7,Morning,13,13,52
20260118,7,Evening,20,19,76
20260118,7,Night,9,9,36
20260118,8,Morning,15,15,60
20260118,8,Evening,18,17,68
20260118,8,Night,8,8,32
20260118,9,Morning,14,14,56
20260118,9,Evening,17,16,64
20260118,9,Night,6,6,24
20260118,10,Morning,15,15,60
20260118,10,Evening,19,19,76
20260118,10,Night,8,8,32
20260118,11,Morning,13,13,52
20260118,11,Evening,19,18,72
20260118,11,Night,8,7,28
20260118,12,Morning,14,13,52
20260118,12,Evening,16,16,64
20260118,12,Night,5,4,16
20260119,1,Morning,21,21,84
20260119,1,Evening,25,25,100
20260119,1,Night,14,14,56
20260119,2,Morning,14,13,52
20260119,2,Evening,17,16,64
20260119,2,Night,11,11,44
20260119,3,Morning,11,11,44
20260119,3,Evening,19,19,76
20260119,3,Night,7,7,28
20260119,4,Morning,13,11,44
20260119,4,Evening,17,17,68
20260119,4,Night,10,9,36
20260119,5,Morning,12,12,48
20260119,5,Evening,14,14,56
20260119,5,Night,11,11,44
20260119,6,Morning,11,11,44
20260119,6,Evening,19,19,76
20260119,6,Night,7,5,20
20260119,7,Morning,13,13,52
20260119,7,Evening,18,18,72
20260119,7,Night,8,7,28
20260119,8,Morning,13,13,52
20260119,8,Evening,16,16,64
20260119,8,Night,8,8,32
20260119,9,Morning,13,13,52
20260119,9,Evening,18,18,72
20260119,9,Night,7,7,28
20260119,10,Morning,15,14,56
20260119,10,Evening,20,20,80
20260119,10,Night,8,8,32
20260119,11,Morning,14,14,56
20260119,11,Evening,18,18,72
20260119,11,Night,11,11,44
20260119,12,Morning,12,12,48
20260119,12,Evening,19,17,68
20260119,12,Night,8,8,32
20260120,1,Morning,18,18,72
20260120,1,Evening,25,24,96
20260120,1,Night,15,15,60
20260120,2,Morning,17,17,68
20260120,2,Evening,20,20,80
20260120,2,Night,10,10,40
20260120,3,Morning,15,15,60
20260120,3,Evening,19,19,76
20260120,3,Night,7,7,28
20260120,4,Morning,14,13,52
20260120,4,Evening,19,19,76
20260120,4,Night,7,7,28
20260120,5,Morning,13,13,52
20260120,5,Evening,16,16,64
20260120,5,Night,8,8,32
20260120,6,Morning,13,13,52
20260120,6,Evening,20,20,80
20260120,6,Night,4,4,16
20260120,7,Morning,15,15,60
20260120,7,Evening,19,19,76
20260120,7,Night,6,6,24
20260120,8,Morning,15,15,60
20260120,8,Evening,19,19,76
20260120,8,Night,8,8,32
20260120,9,Morning,16,15,60
20260120,9,Evening,18,17,68
20260120,9,Night,8,8,32
20260120,10,Morning,17,17,68
20260120,10,Evening,17,17,68
20260120,10,Night,7,7,28
20260120,11,Morning,15,14,56
20260120,11,Evening,18,18,72
20260120,11,Night,7,7,28
20260120,12,Morning,14,14,56
20260120,12,Evening,18,18,72
20260120,12,Night,7,7,28
20260121,1,Morning,20,20,80
20260121,1,Evening,25,25,100
20260121,1,Night,15,15,60
20260121,2,Morning,16,16,64
20260121,2,Evening,20,19,76
20260121,2,Night,9,8,32
20260121,3,Morning,14,14,56
20260121,3,Evening,19,18,72
20260121,3,Night,11,11,44
20260121,4,Morning,16,15,60
20260121,4,Evening,17,17,68
20260121,4,Night,9,9,36
20260121,5,Morning,16,16,64
20260121,5,Evening,17,16,64
20260121,5,Night,6,6,24
20260121,6,Morning,12,11,44
20260121,6,Evening,19,19,76
20260121,6,Night,6,6,24
20260121,7,Morning,13,13,52
20260121,7,Evening,18,17,68
20260121,7,Night,9,8,32
20260121,8,Morning,14,14,56
20260121,8,Evening,17,15,60
20260121,8,Night,9,9,36
20260121,9,Morning,14,14,56
20260121,9,Evening,19,19,76
20260121,9,Night,10,9,36
20260121,10,Morning,16,16,64
20260121,10,Evening,18,18,72
20260121,10,Night,5,4,16
20260121,11,Morning,11,11,44
20260121,11,Evening,19,18,72
20260121,11,Night,9,9,36
20260121,12,Morning,14,14,56
20260121,12,Evening,16,16,64
20260121,12,Night,6,6,24
20260122,1,Morning,19,18,72
20260122,1,Evening,24,24,96
20260122,1,Night,15,15,60
20260122,2,Morning,11,11,44
20260122,2,Evening,18,18,72
20260122,2,Night,7,7,28
20260122,3,Morning,14,14,56
20260122,3,Evening,18,17,68
20260122,3,Night,7,7,28
20260122,4,Morning,12,12,48
20260122,4,Evening,21,21,84
20260122,4,Night,9,9,36
20260122,5,Morning,16,16,64
20260122,5,Evening,19,19,76
20260122,5,Night,8,8,32
20260122,6,Morning,14,14,56
20260122,6,Evening,22,22,88
20260122,6,Night,6,6,24
20260122,7,Morning,13,12,48
20260122,7,Evening,18,17,68
20260122,7,Night,7,6,24
20260122,8,Morning,13,13,52
20260122,8,Evening,16,15,60
20260122,8,Night,8,7,28
20260122,9,Morning,14,14,56
20260122,9,Evening,18,17,68
20260122,9,Night,8,8,32
20260122,10,Morning,16,15,60
20260122,10,Evening,21,20,80
20260122,10,Night,6,5,20
20260122,11,Morning,14,14,56
20260122,11,Evening,19,19,76
20260122,11,Night,9,8,32
20260122,12,Morning,13,13,52
20260122,12,Evening,15,15,60
20260122,12,Night,7,6,24
20260123,1,Morning,18,18,72
20260123,1,Evening,25,25,100
20260123,1,Night,17,17,68
20260123,2,Morning,15,14,56
20260123,2,Evening,19,19,76
20260123,2,Night,10,10,40
20260123,3,Morning,14,14,56
20260123,3,Evening,15,13,52
20260123,3,Night,8,7,28
20260123,4,Morning,13,13,52
20260123,4,Evening,18,18,72
20260123,4,Night,10,10,40
20260123,5,Morning,14,14,56
20260123,5,Evening,22,21,84
20260123,5,Night,7,7,28
20260123,6,Morning,14,13,52
20260123,6,Evening,18,17,68
20260123,6,Night,7,6,24
20260123,7,Morning,13,13,52
20260123,7,Evening,18,18,72
20260123,7,Night,9,9,36
20260123,8,Morning,15,15,60
20260123,8,Evening,18,18,72
20260123,8,Night,8,7,28
20260123,9,Morning,16,16,64
20260123,9,Evening,18,18,72
20260123,9,Night,9,9,36
20260123,10,Morning,13,11,44
20260123,10,Evening,18,17,68
20260123,10,Night,9,9,36
20260123,11,Morning,13,13,52
20260123,11,Evening,20,19,76
20260123,11,Night,6,5,20
20260123,12,Morning,14,14,56
20260123,12,Evening,17,17,68
20260123,12,Night,5,5,20
20260124,1,Morning,21,21,84
20260124,1,Evening,26,26,104
20260124,1,Night,17,16,64
20260124,2,Morning,12,12,48
20260124,2,Evening,20,20,80
20260124,2,Night,6,6,24
20260124,3,Morning,12,12,48
20260124,3,Evening,18,18,72
20260124,3,Night,6,5,20
20260124,4,Morning,16,16,64
20260124,4,Evening,17,17,68
20260124,4,Night,8,8,32
20260124,5,Morning,12,12,48
20260124,5,Evening,20,20,80
20260124,5,Night,9,8,32
20260124,6,Morning,14,14,56
20260124,6,Evening,17,17,68
20260124,6,Night,12,12,48
20260124,7,Morning,14,13,52
20260124,7,Evening,20,19,76
20260124,7,Night,9,9,36
20260124,8,Morning,13,13,52
20260124,8,Evening,18,17,68
20260124,8,Night,5,5,20
20260124,9,Morning,11,11,44
20260124,9,Evening,15,15,60
20260124,9,Night,7,6,24
20260124,10,Morning,14,12,48
20260124,10,Evening,20,20,80
20260124,10,Night,7,7,28
20260124,11,Morning,13,12,48
20260124,11,Evening,19,18,72
20260124,11,Night,9,9,36
20260124,12,Morning,13,13,52
20260124,12,Evening,18,18,72
20260124,12,Night,9,9,36
20260125,1,Morning,21,21,84
20260125,1,Evening,26,26,104
20260125,1,Night,15,15,60
20260125,2,Morning,13,13,52
20260125,2,Evening,19,19,76
20260125,2,Night,8,8,32
20260125,3,Morning,15,14,56
20260125,3,Evening,20,19,76
20260125,3,Night,10,9,36
20260125,4,Morning,14,13,52
20260125,4,Evening,20,20,80
20260125,4,Night,7,6,24
20260125,5,Morning,13,12,48
20260125,5,Evening,14,14,56
20260125,5,Night,10,10,40
20260125,6,Morning,14,14,56
20260125,6,Evening,19,19,76
20260125,6,Night,8,8,32
20260125,7,Morning,13,13,52
20260125,7,Evening,16,16,64
20260125,7,Night,6,6,24
20260125,8,Morning,15,15,60
20260125,8,Evening,16,16,64
20260125,8,Night,6,5,20
20260125,9,Morning,16,14,56
20260125,9,Evening,19,17,68
20260125,9,Night,7,7,28
20260125,10,Morning,18,18,72
20260125,10,Evening,19,19,76
20260125,10,Night,8,7,28
20260125,11,Morning,15,15,60
20260125,11,Evening,17,17,68
20260125,11,Night,9,9,36
20260125,12,Morning,14,14,56
20260125,12,Evening,16,16,64
20260125,12,Night,12,12,48
20260126,1,Morning,21,21,84
20260126,1,Evening,25,23,92
20260126,1,Night,17,16,64
20260126,2,Morning,14,14,56
20260126,2,Evening,20,20,80
20260126,2,Night,11,10,40
20260126,3,Morning,13,13,52
20260126,3,Evening,17,17,68
20260126,3,Night,9,9,36
20260126,4,Morning,13,12,48
20260126,4,Evening,18,18,72
20260126,4,Night,10,10,40
20260126,5,Morning,14,14,56
20260126,5,Evening,16,16,64
20260126,5,Night,9,8,32
20260126,6,Morning,13,12,48
20260126,6,Evening,18,18,72
20260126,6,Night,7,6,24
20260126,7,Morning,12,12,48
20260126,7,Evening,15,15,60
20260126,7,Night,6,5,20
20260126,8,Morning,15,15,60
20260126,8,Evening,15,14,56
20260126,8,Night,7,7,28
20260126,9,Morning,15,15,60
20260126,9,Evening,18,17,68
20260126,9,Night,8,8,32
20260126,10,Morning,15,15,60
20260126,10,Evening,18,18,72
20260126,10,Night,8,8,32
20260126,11,Morning,14,14,56
20260126,11,Evening,19,19,76
20260126,11,Night,9,9,36
20260126,12,Morning,13,12,48
20260126,12,Evening,16,16,64
20260126,12,Night,9,8,32
20260127,1,Morning,20,19,76
20260127,1,Evening,24,23,92
20260127,1,Night,11,10,40
20260127,2,Morning,16,15,60
20260127,2,Evening,18,18,72
20260127,2,Night,8,7,28
20260127,3,Morning,12,12,48
20260127,3,Evening,18,18,72
20260127,3,Night,8,7,28
20260127,4,Morning,14,14,56
20260127,4,Evening,17,16,64
20260127,4,Night,8,8,32
20260127,5,Morning,15,15,60
20260127,5,Evening,17,16,64
20260127,5,Night,7,7,28
20260127,6,Morning,12,12,48
20260127,6,Evening,16,16,64
20260127,6,Night,5,5,20
20260127,7,Morning,14,14,56
20260127,7,Evening,19,19,76
20260127,7,Night,7,6,24
20260127,8,Morning,12,12,48
20260127,8,Evening,19,19,76
20260127,8,Night,9,8,32
20260127,9,Morning,11,11,44
20260127,9,Evening,20,19,76
20260127,9,Night,6,6,24
20260127,10,Morning,14,13,52
20260127,10,Evening,19,19,76
20260127,10,Night,6,5,20
20260127,11,Morning,15,15,60
20260127,11,Evening,17,16,64
20260127,11,Night,8,8,32
20260127,12,Morning,12,11,44
20260127,12,Evening,18,18,72
20260127,12,Night,9,8,32
20260128,1,Morning,20,20,80
20260128,1,Evening,22,21,84
20260128,1,Night,15,14,56
20260128,2,Morning,14,13,52
20260128,2,Evening,20,20,80
20260128,2,Night,8,8,32
20260128,3,Morning,15,15,60
20260128,3,Evening,19,19,76
20260128,3,Night,9,9,36
20260128,4,Morning,16,16,64
20260128,4,Evening,16,16,64
20260128,4,Night,10,9,36
20260128,5,Morning,16,15,60
20260128,5,Evening,20,19,76
20260128,5,Night,11,11,44
20260128,6,Morning,17,17,68
20260128,6,Evening,15,15,60
20260128,6,Night,7,7,28
20260128,7,Morning,15,15,60
20260128,7,Evening,18,17,68
20260128,7,Night,8,7,28
20260128,8,Morning,14,14,56
20260128,8,Evening,18,18,72
20260128,8,Night,7,6,24
20260128,9,Morning,13,11,44
20260128,9,Evening,17,17,68
20260128,9,Night,9,9,36
20260128,10,Morning,14,14,56
20260128,10,Evening,19,19,76
20260128,10,Night,7,7,28
20260128,11,Morning,13,12,48
20260128,11,Evening,20,20,80
20260128,11,Night,9,9,36
20260128,12,Morning,15,14,56
20260128,12,Evening,20,20,80
20260128,12,Night,9,8,32
20260129,1,Morning,21,20,80
20260129,1,Evening,23,22,88
20260129,1,Night,14,14,56
20260129,2,Morning,15,15,60
20260129,2,Evening,17,16,64
20260129,2,Night,10,10,40
20260129,3,Morning,13,12,48
20260129,3,Evening,15,15,60
20260129,3,Night,7,6,24
20260129,4,Morning,15,15,60
20260129,4,Evening,19,19,76
20260129,4,Night,10,10,40
20260129,5,Morning,14,14,56
20260129,5,Evening,17,16,64
20260129,5,Night,10,10,40
20260129,6,Morning,17,17,68
20260129,6,Evening,22,22,88
20260129,6,Night,9,8,32
20260129,7,Morning,13,13,52
20260129,7,Evening,17,17,68
20260129,7,Night,10,10,40
20260129,8,Morning,12,12,48
20260129,8,Evening,17,17,68
20260129,8,Night,9,9,36
20260129,9,Morning,14,14,56
20260129,9,Evening,18,18,72
20260129,9,Night,8,8,32
20260129,10,Morning,15,15,60
20260129,10,Evening,16,16,64
20260129,10,Night,7,7,28
20260129,11,Morning,14,14,56
20260129,11,Evening,19,19,76
20260129,11,Night,11,11,44
20260129,12,Morning,13,13,52
20260129,12,Evening,17,17,68
20260129,12,Night,9,9,36
20260130,1,Morning,23,23,92
20260130,1,Evening,27,27,108
20260130,1,Night,13,12,48
20260130,2,Morning,15,14,56
20260130,2,Evening,17,17,68
20260130,2,Night,10,9,36
20260130,3,Morning,14,14,56
20260130,3,Evening,17,17,68
20260130,3,Night,5,4,16
20260130,4,Morning,16,15,60
20260130,4,Evening,18,18,72
20260130,4,Night,8,6,24
20260130,5,Morning,14,14,56
20260130,5,Evening,17,15,60
20260130,5,Night,9,9,36
20260130,6,Morning,15,15,60
20260130,6,Evening,22,20,80
20260130,6,Night,9,9,36
20260130,7,Morning,14,14,56
20260130,7,Evening,22,22,88
20260130,7,Night,10,10,40
20260130,8,Morning,16,16,64
20260130,8,Evening,20,20,80
20260130,8,Night,10,10,40
20260130,9,Morning,12,12,48
20260130,9,Evening,19,19,76
20260130,9,Night,9,8,32
20260130,10,Morning,16,16,64
20260130,10,Evening,19,18,72
20260130,10,Night,8,7,28
20260130,11,Morning,15,14,56
20260130,11,Evening,15,14,56
20260130,11,Night,7,7,28
20260130,12,Morning,14,13,52
20260130,12,Evening,19,19,76
20260130,12,Night,9,9,36
20260131,1,Morning,24,24,96
20260131,1,Evening,24,24,96
20260131,1,Night,15,15,60
20260131,2,Morning,12,12,48
20260131,2,Evening,18,17,68
20260131,2,Night,7,7,28
20260131,3,Morning,14,13,52
20260131,3,Evening,17,17,68
20260131,3,Night,7,6,24
20260131,4,Morning,14,14,56
20260131,4,Evening,20,20,80
20260131,4,Night,9,9,36
20260131,5,Morning,14,12,48
20260131,5,Evening,17,17,68
20260131,5,Night,5,5,20
20260131,6,Morning,14,14,56
20260131,6,Evening,17,16,64
20260131,6,Night,8,7,28
20260131,7,Morning,14,13,52
20260131,7,Evening,18,18,72
20260131,7,Night,6,4,16
20260131,8,Morning,14,14,56
20260131,8,Evening,19,19,76
20260131,8,Night,6,5,20
20260131,9,Morning,10,10,40
20260131,9,Evening,19,18,72
20260131,9,Night,6,6,24
20260131,10,Morning,17,17,68
20260131,10,Evening,19,19,76
20260131,10,Night,8,8,32
20260131,11,Morning,14,14,56
20260131,11,Evening,19,18,72
20260131,11,Night,11,11,44
20260131,12,Morning,13,13,52
20260131,12,Evening,15,15,60
20260131,12,Night,7,7,28
20260201,1,Morning,16,14,56
20260201,1,Evening,23,22,88
20260201,1,Night,13,12,48
20260201,2,Morning,15,14,56
20260201,2,Evening,18,18,72
20260201,2,Night,6,5,20
20260201,3,Morning,13,13,52
20260201,3,Evening,15,15,60
20260201,3,Night,10,9,36
20260201,4,Morning,11,11,44
20260201,4,Evening,18,18,72
20260201,4,Night,9,8,32
20260201,5,Morning,15,14,56
20260201,5,Evening,18,17,68
20260201,5,Night,9,7,28
20260201,6,Morning,14,14,56
20260201,6,Evening,16,16,64
20260201,6,Night,10,10,40
20260201,7,Morning,13,13,52
20260201,7,Evening,18,17,68
20260201,7,Night,8,8,32
20260201,8,Morning,17,16,64
20260201,8,Evening,19,19,76
20260201,8,Night,7,6,24
20260201,9,Morning,15,15,60
20260201,9,Evening,21,21,84
20260201,9,Night,6,6,24
20260201,10,Morning,13,13,52
20260201,10,Evening,17,17,68
20260201,10,Night,6,5,20
20260201,11,Morning,13,12,48
20260201,11,Evening,18,18,72
20260201,11,Night,8,8,32
20260201,12,Morning,13,12,48
20260201,12,Evening,17,17,68
20260201,12,Night,7,7,28
20260202,1,Morning,21,20,80
20260202,1,Evening,22,21,84
20260202,1,Night,14,14,56
20260202,2,Morning,14,13,52
20260202,2,Evening,18,18,72
20260202,2,Night,6,6,24
20260202,3,Morning,15,15,60
20260202,3,Evening,17,17,68
20260202,3,Night,9,8,32
20260202,4,Morning,13,12,48
20260202,4,Evening,18,18,72
20260202,4,Night,6,6,24
20260202,5,Morning,17,17,68
20260202,5,Evening,19,19,76
20260202,5,Night,10,9,36
20260202,6,Morning,12,12,48
20260202,6,Evening,17,16,64
20260202,6,Night,7,6,24
20260202,7,Morning,12,12,48
20260202,7,Evening,17,17,68
20260202,7,Night,8,8,32
20260202,8,Morning,15,14,56
20260202,8,Evening,18,18,72
20260202,8,Night,10,10,40
20260202,9,Morning,16,15,60
20260202,9,Evening,20,20,80
20260202,9,Night,7,7,28
20260202,10,Morning,14,14,56
20260202,10,Evening,16,16,64
20260202,10,Night,10,10,40
20260202,11,Morning,15,15,60
20260202,11,Evening,16,15,60
20260202,11,Night,9,8,32
20260202,12,Morning,12,12,48
20260202,12,Evening,18,18,72
20260202,12,Night,9,8,32
20260203,1,Morning,21,21,84
20260203,1,Evening,25,24,96
20260203,1,Night,14,14,56
20260203,2,Morning,14,13,52
20260203,2,Evening,20,20,80
20260203,2,Night,7,7,28
20260203,3,Morning,14,14,56
20260203,3,Evening,20,20,80
20260203,3,Night,9,9,36
20260203,4,Morning,13,12,48
20260203,4,Evening,17,17,68
20260203,4,Night,7,7,28
20260203,5,Morning,14,14,56
20260203,5,Evening,16,16,64
20260203,5,Night,7,7,28
20260203,6,Morning,15,15,60
20260203,6,Evening,18,18,72
20260203,6,Night,9,9,36
20260203,7,Morning,14,14,56
20260203,7,Evening,17,17,68
20260203,7,Night,9,9,36
20260203,8,Morning,14,14,56
20260203,8,Evening,19,19,76
20260203,8,Night,6,5,20
20260203,9,Morning,15,14,56
20260203,9,Evening,16,16,64
20260203,9,Night,7,7,28
20260203,10,Morning,13,13,52
20260203,10,Evening,20,20,80
20260203,10,Night,7,6,24
20260203,11,Morning,16,16,64
20260203,11,Evening,20,20,80
20260203,11,Night,8,8,32
20260203,12,Morning,13,13,52
20260203,12,Evening,19,19,76
20260203,12,Night,6,4,16
20260204,1,Morning,19,18,72
20260204,1,Evening,25,25,100
20260204,1,Night,13,12,48
20260204,2,Morning,15,15,60
20260204,2,Evening,17,16,64
20260204,2,Night,7,6,24
20260204,3,Morning,15,15,60
20260204,3,Evening,17,17,68
20260204,3,Night,9,9,36
20260204,4,Morning,14,13,52
20260204,4,Evening,18,18,72
20260204,4,Night,7,7,28
20260204,5,Morning,15,15,60
20260204,5,Evening,16,15,60
20260204,5,Night,8,8,32
20260204,6,Morning,15,15,60
20260204,6,Evening,19,19,76
20260204,6,Night,8,7,28
20260204,7,Morning,14,13,52
20260204,7,Evening,16,15,60
20260204,7,Night,9,8,32
20260204,8,Morning,12,11,44
20260204,8,Evening,19,18,72
20260204,8,Night,8,8,32
20260204,9,Morning,16,15,60
20260204,9,Evening,16,16,64
20260204,9,Night,8,8,32
20260204,10,Morning,14,13,52
20260204,10,Evening,17,17,68
20260204,10,Night,8,8,32
20260204,11,Morning,14,14,56
20260204,11,Evening,19,19,76
20260204,11,Night,7,6,24
20260204,12,Morning,15,14,56
20260204,12,Evening,18,18,72
20260204,12,Night,7,7,28
20260205,1,Morning,18,18,72
20260205,1,Evening,24,24,96
20260205,1,Night,14,14,56
20260205,2,Morning,12,12,48
20260205,2,Evening,21,20,80
20260205,2,Night,7,7,28
20260205,3,Morning,16,16,64
20260205,3,Evening,19,19,76
20260205,3,Night,7,7,28
20260205,4,Morning,13,13,52
20260205,4,Evening,18,18,72
20260205,4,Night,9,8,32
20260205,5,Morning,15,15,60
20260205,5,Evening,17,17,68
20260205,5,Night,8,8,32
20260205,6,Morning,14,14,56
20260205,6,Evening,17,15,60
20260205,6,Night,9,9,36
20260205,7,Morning,14,13,52
20260205,7,Evening,18,18,72
20260205,7,Night,6,5,20
20260205,8,Morning,16,15,60
20260205,8,Evening,17,16,64
20260205,8,Night,6,6,24
20260205,9,Morning,11,11,44
20260205,9,Evening,18,16,64
20260205,9,Night,8,8,32
20260205,10,Morning,14,14,56
20260205,10,Evening,19,19,76
20260205,10,Night,8,7,28
20260205,11,Morning,14,13,52
20260205,11,Evening,17,17,68
20260205,11,Night,8,8,32
20260205,12,Morning,12,12,48
20260205,12,Evening,17,16,64
20260205,12,Night,8,8,32
20260206,1,Morning,24,24,96
20260206,1,Evening,24,23,92
20260206,1,Night,16,14,56
20260206,2,Morning,13,12,48
20260206,2,Evening,19,18,72
20260206,2,Night,6,5,20
20260206,3,Morning,16,16,64
20260206,3,Evening,18,18,72
20260206,3,Night,10,10,40
20260206,4,Morning,12,12,48
20260206,4,Evening,17,16,64
20260206,4,Night,13,13,52
20260206,5,Morning,15,15,60
20260206,5,Evening,18,18,72
20260206,5,Night,7,7,28
20260206,6,Morning,14,13,52
20260206,6,Evening,19,19,76
20260206,6,Night,8,8,32
20260206,7,Morning,12,11,44
20260206,7,Evening,20,19,76
20260206,7,Night,9,9,36
20260206,8,Morning,14,13,52
20260206,8,Evening,17,16,64
20260206,8,Night,9,7,28
20260206,9,Morning,13,13,52
20260206,9,Evening,19,19,76
20260206,9,Night,5,5,20
20260206,10,Morning,14,14,56
20260206,10,Evening,19,18,72
20260206,10,Night,11,11,44
20260206,11,Morning,15,15,60
20260206,11,Evening,18,18,72
20260206,11,Night,9,9,36
20260206,12,Morning,14,14,56
20260206,12,Evening,16,15,60
20260206,12,Night,7,7,28
20260207,1,Morning,23,23,92
20260207,1,Evening,23,22,88
20260207,1,Night,16,15,60
20260207,2,Morning,13,11,44
20260207,2,Evening,16,16,64
20260207,2,Night,7,7,28
20260207,3,Morning,13,13,52
20260207,3,Evening,18,18,72
20260207,3,Night,6,6,24
20260207,4,Morning,13,12,48
20260207,4,Evening,15,14,56
20260207,4,Night,9,9,36
20260207,5,Morning,12,12,48
20260207,5,Evening,17,16,64
20260207,5,Night,10,10,40
20260207,6,Morning,13,13,52
20260207,6,Evening,20,19,76
20260207,6,Night,8,7,28
20260207,7,Morning,12,11,44
20260207,7,Evening,18,18,72
20260207,7,Night,7,7,28
20260207,8,Morning,11,11,44
20260207,8,Evening,20,20,80
20260207,8,Night,8,8,32
20260207,9,Morning,13,13,52
20260207,9,Evening,19,18,72
20260207,9,Night,6,6,24
20260207,10,Morning,15,15,60
20260207,10,Evening,20,19,76
20260207,10,Night,10,10,40
20260207,11,Morning,13,12,48
20260207,11,Evening,18,18,72
20260207,11,Night,9,8,32
20260207,12,Morning,14,13,52
20260207,12,Evening,17,17,68
20260207,12,Night,10,8,32
20260208,1,Morning,21,20,80
20260208,1,Evening,24,24,96
20260208,1,Night,13,12,48
20260208,2,Morning,12,11,44
20260208,2,Evening,18,18,72
20260208,2,Night,7,6,24
20260208,3,Morning,16,14,56
20260208,3,Evening,18,18,72
20260208,3,Night,10,10,40
20260208,4,Morning,15,14,56
20260208,4,Evening,21,21,84
20260208,4,Night,8,8,32
20260208,5,Morning,12,12,48
20260208,5,Evening,19,18,72
20260208,5,Night,6,6,24
20260208,6,Morning,15,15,60
20260208,6,Evening,18,18,72
20260208,6,Night,8,8,32
20260208,7,Morning,15,15,60
20260208,7,Evening,18,17,68
20260208,7,Night,8,8,32
20260208,8,Morning,16,15,60
20260208,8,Evening,16,15,60
20260208,8,Night,8,8,32
20260208,9,Morning,16,16,64
20260208,9,Evening,18,17,68
20260208,9,Night,8,7,28
20260208,10,Morning,15,15,60
20260208,10,Evening,19,19,76
20260208,10,Night,8,8,32
20260208,11,Morning,13,13,52
20260208,11,Evening,19,18,72
20260208,11,Night,7,7,28
20260208,12,Morning,15,15,60
20260208,12,Evening,18,18,72
20260208,12,Night,8,7,28
20260209,1,Morning,20,20,80
20260209,1,Evening,25,25,100
20260209,1,Night,13,13,52
20260209,2,Morning,18,17,68
20260209,2,Evening,20,20,80
20260209,2,Night,5,5,20
20260209,3,Morning,14,14,56
20260209,3,Evening,20,19,76
20260209,3,Night,7,7,28
20260209,4,Morning,16,16,64
20260209,4,Evening,21,21,84
20260209,4,Night,6,6,24
20260209,5,Morning,15,15,60
20260209,5,Evening,17,16,64
20260209,5,Night,9,8,32
20260209,6,Morning,16,14,56
20260209,6,Evening,16,15,60
20260209,6,Night,6,5,20
20260209,7,Morning,12,12,48
20260209,7,Evening,19,18,72
20260209,7,Night,10,9,36
20260209,8,Morning,12,12,48
20260209,8,Evening,17,17,68
20260209,8,Night,8,7,28
20260209,9,Morning,15,14,56
20260209,9,Evening,18,18,72
20260209,9,Night,10,10,40
20260209,10,Morning,16,16,64
20260209,10,Evening,19,18,72
20260209,10,Night,6,6,24
20260209,11,Morning,14,13,52
20260209,11,Evening,15,15,60
20260209,11,Night,6,6,24
20260209,12,Morning,13,12,48
20260209,12,Evening,19,19,76
20260209,12,Night,9,9,36
20260210,1,Morning,23,23,92
20260210,1,Evening,24,24,96
20260210,1,Night,12,12,48
20260210,2,Morning,16,15,60
20260210,2,Evening,17,16,64
20260210,2,Night,9,9,36
20260210,3,Morning,14,14,56
20260210,3,Evening,19,19,76
20260210,3,Night,7,7,28
20260210,4,Morning,13,13,52
20260210,4,Evening,19,18,72
20260210,4,Night,9,9,36
20260210,5,Morning,18,17,68
20260210,5,Evening,17,17,68
20260210,5,Night,9,9,36
20260210,6,Morning,14,14,56
20260210,6,Evening,16,16,64
20260210,6,Night,7,7,28
20260210,7,Morning,16,16,64
20260210,7,Evening,19,18,72
20260210,7,Night,6,6,24
20260210,8,Morning,15,14,56
20260210,8,Evening,17,16,64
20260210,8,Night,7,5,20
20260210,9,Morning,12,11,44
20260210,9,Evening,16,16,64
20260210,9,Night,11,11,44
20260210,10,Morning,14,13,52
20260210,10,Evening,19,19,76
20260210,10,Night,8,8,32
20260210,11,Morning,14,13,52
20260210,11,Evening,17,15,60
20260210,11,Night,8,8,32
20260210,12,Morning,15,14,56
20260210,12,Evening,17,17,68
20260210,12,Night,7,7,28
20260211,1,Morning,19,19,76
20260211,1,Evening,27,26,104
20260211,1,Night,15,15,60
20260211,2,Morning,14,14,56
20260211,2,Evening,16,16,64
20260211,2,Night,9,9,36
20260211,3,Morning,14,13,52
20260211,3,Evening,18,18,72
20260211,3,Night,8,8,32
20260211,4,Morning,14,13,52
20260211,4,Evening,20,19,76
20260211,4,Night,8,7,28
20260211,5,Morning,16,16,64
20260211,5,Evening,17,17,68
20260211,5,Night,7,6,24
20260211,6,Morning,13,13,52
20260211,6,Evening,18,18,72
20260211,6,Night,8,8,32
20260211,7,Morning,15,15,60
20260211,7,Evening,19,19,76
20260211,7,Night,6,6,24
20260211,8,Morning,15,15,60
20260211,8,Evening,19,19,76
20260211,8,Night,9,9,36
20260211,9,Morning,14,14,56
20260211,9,Evening,15,14,56
20260211,9,Night,8,8,32
20260211,10,Morning,13,13,52
20260211,10,Evening,16,15,60
20260211,10,Night,7,5,20
20260211,11,Morning,17,17,68
20260211,11,Evening,19,19,76
20260211,11,Night,9,8,32
20260211,12,Morning,15,15,60
20260211,12,Evening,19,18,72
20260211,12,Night,8,8,32
20260212,1,Morning,19,18,72
20260212,1,Evening,26,26,104
20260212,1,Night,16,15,60
20260212,2,Morning,14,13,52
20260212,2,Evening,19,19,76
20260212,2,Night,7,7,28
20260212,3,Morning,13,13,52
20260212,3,Evening,18,18,72
20260212,3,Night,7,6,24
20260212,4,Morning,14,14,56
20260212,4,Evening,18,17,68
20260212,4,Night,7,7,28
20260212,5,Morning,15,15,60
20260212,5,Evening,17,17,68
20260212,5,Night,7,7,28
20260212,6,Morning,14,14,56
20260212,6,Evening,19,19,76
20260212,6,Night,8,8,32
20260212,7,Morning,14,14,56
20260212,7,Evening,20,19,76
20260212,7,Night,8,8,32
20260212,8,Morning,12,12,48
20260212,8,Evening,15,15,60
20260212,8,Night,8,8,32
20260212,9,Morning,14,14,56
20260212,9,Evening,17,17,68
20260212,9,Night,10,10,40
20260212,10,Morning,13,13,52
20260212,10,Evening,18,18,72
20260212,10,Night,7,7,28
20260212,11,Morning,13,13,52
20260212,11,Evening,18,17,68
20260212,11,Night,9,8,32
20260212,12,Morning,14,14,56
20260212,12,Evening,17,17,68
20260212,12,Night,7,7,28
20260213,1,Morning,22,22,88
20260213,1,Evening,26,25,100
20260213,1,Night,16,14,56
20260213,2,Morning,16,16,64
20260213,2,Evening,20,19,76
20260213,2,Night,9,9,36
20260213,3,Morning,14,14,56
20260213,3,Evening,18,18,72
20260213,3,Night,6,5,20
20260213,4,Morning,15,15,60
20260213,4,Evening,20,20,80
20260213,4,Night,6,6,24
20260213,5,Morning,14,14,56
20260213,5,Evening,17,17,68
20260213,5,Night,9,8,32
20260213,6,Morning,15,15,60
20260213,6,Evening,19,19,76
20260213,6,Night,10,10,40
20260213,7,Morning,15,14,56
20260213,7,Evening,18,18,72
20260213,7,Night,10,10,40
20260213,8,Morning,14,14,56
20260213,8,Evening,19,19,76
20260213,8,Night,7,7,28
20260213,9,Morning,14,14,56
20260213,9,Evening,17,16,64
20260213,9,Night,8,8,32
20260213,10,Morning,14,14,56
20260213,10,Evening,15,15,60
20260213,10,Night,6,6,24
20260213,11,Morning,14,13,52
20260213,11,Evening,19,19,76
20260213,11,Night,8,8,32
20260213,12,Morning,14,13,52
20260213,12,Evening,18,18,72
20260213,12,Night,11,11,44
20260214,1,Morning,24,24,96
20260214,1,Evening,27,27,108
20260214,1,Night,15,15,60
20260214,2,Morning,14,14,56
20260214,2,Evening,20,19,76
20260214,2,Night,8,8,32
20260214,3,Morning,11,11,44
20260214,3,Evening,18,18,72
20260214,3,Night,6,5,20
20260214,4,Morning,18,17,68
20260214,4,Evening,18,18,72
20260214,4,Night,10,10,40
20260214,5,Morning,14,13,52
20260214,5,Evening,17,17,68
20260214,5,Night,8,8,32
20260214,6,Morning,14,14,56
20260214,6,Evening,14,14,56
20260214,6,Night,5,4,16
20260214,7,Morning,14,14,56
20260214,7,Evening,16,15,60
20260214,7,Night,7,7,28
20260214,8,Morning,12,10,40
20260214,8,Evening,20,20,80
20260214,8,Night,7,7,28
20260214,9,Morning,15,15,60
20260214,9,Evening,17,17,68
20260214,9,Night,6,5,20
20260214,10,Morning,18,16,64
20260214,10,Evening,18,18,72
20260214,10,Night,4,4,16
20260214,11,Morning,16,16,64
20260214,11,Evening,16,16,64
20260214,11,Night,8,7,28
20260214,12,Morning,12,12,48
20260214,12,Evening,16,16,64
20260214,12,Night,8,8,32
20260215,1,Morning,21,20,80
20260215,1,Evening,24,23,92
20260215,1,Night,16,16,64
20260215,2,Morning,12,12,48
20260215,2,Evening,20,19,76
20260215,2,Night,7,7,28
20260215,3,Morning,12,11,44
20260215,3,Evening,18,18,72
20260215,3,Night,4,4,16
20260215,4,Morning,14,13,52
20260215,4,Evening,18,18,72
20260215,4,Night,10,8,32
20260215,5,Morning,12,11,44
20260215,5,Evening,16,16,64
20260215,5,Night,7,7,28
20260215,6,Morning,15,15,60
20260215,6,Evening,16,15,60
20260215,6,Night,8,8,32
20260215,7,Morning,13,13,52
20260215,7,Evening,17,17,68
20260215,7,Night,6,6,24
20260215,8,Morning,14,12,48
20260215,8,Evening,19,19,76
20260215,8,Night,6,5,20
20260215,9,Morning,14,14,56
20260215,9,Evening,19,19,76
20260215,9,Night,6,5,20
20260215,10,Morning,13,13,52
20260215,10,Evening,19,19,76
20260215,10,Night,9,8,32
20260215,11,Morning,12,11,44
20260215,11,Evening,19,18,72
20260215,11,Night,8,8,32
20260215,12,Morning,13,12,48
20260215,12,Evening,18,17,68
20260215,12,Night,7,7,28
20260216,1,Morning,20,20,80
20260216,1,Evening,22,22,88
20260216,1,Night,15,14,56
20260216,2,Morning,13,13,52
20260216,2,Evening,18,18,72
20260216,2,Night,5,5,20
20260216,3,Morning,14,14,56
20260216,3,Evening,17,17,68
20260216,3,Night,10,10,40
20260216,4,Morning,14,14,56
20260216,4,Evening,20,20,80
20260216,4,Night,8,8,32
20260216,5,Morning,15,15,60
20260216,5,Evening,19,19,76
20260216,5,Night,9,9,36
20260216,6,Morning,15,14,56
20260216,6,Evening,17,16,64
20260216,6,Night,8,7,28
20260216,7,Morning,14,14,56
20260216,7,Evening,19,19,76
20260216,7,Night,10,10,40
20260216,8,Morning,14,14,56
20260216,8,Evening,19,19,76
20260216,8,Night,9,9,36
20260216,9,Morning,14,14,56
20260216,9,Evening,17,17,68
20260216,9,Night,10,9,36
20260216,10,Morning,17,16,64
20260216,10,Evening,19,19,76
20260216,10,Night,9,8,32
20260216,11,Morning,15,14,56
20260216,11,Evening,18,18,72
20260216,11,Night,8,8,32
20260216,12,Morning,14,14,56
20260216,12,Evening,17,16,64
20260216,12,Night,9,9,36
20260217,1,Morning,17,17,68
20260217,1,Evening,25,24,96
20260217,1,Night,14,13,52
20260217,2,Morning,12,12,48
20260217,2,Evening,20,20,80
20260217,2,Night,5,5,20
20260217,3,Morning,19,19,76
20260217,3,Evening,18,18,72
20260217,3,Night,9,8,32
20260217,4,Morning,18,17,68
20260217,4,Evening,18,17,68
20260217,4,Night,7,7,28
20260217,5,Morning,12,12,48
20260217,5,Evening,17,16,64
20260217,5,Night,8,8,32
20260217,6,Morning,14,13,52
20260217,6,Evening,18,18,72
20260217,6,Night,9,9,36
20260217,7,Morning,12,12,48
20260217,7,Evening,17,15,60
20260217,7,Night,11,10,40
20260217,8,Morning,15,15,60
20260217,8,Evening,16,16,64
20260217,8,Night,6,6,24
20260217,9,Morning,12,12,48
20260217,9,Evening,20,20,80
20260217,9,Night,9,8,32
20260217,10,Morning,16,16,64
20260217,10,Evening,16,15,60
20260217,10,Night,8,8,32
20260217,11,Morning,13,13,52
20260217,11,Evening,17,17,68
20260217,11,Night,8,8,32
20260217,12,Morning,12,12,48
20260217,12,Evening,17,17,68
20260217,12,Night,8,7,28
20260218,1,Morning,22,21,84
20260218,1,Evening,24,23,92
20260218,1,Night,18,17,68
20260218,2,Morning,15,14,56
20260218,2,Evening,19,19,76
20260218,2,Night,8,8,32
20260218,3,Morning,15,15,60
20260218,3,Evening,20,20,80
20260218,3,Night,7,5,20
20260218,4,Morning,13,13,52
20260218,4,Evening,17,16,64
20260218,4,Night,10,9,36
20260218,5,Morning,14,14,56
20260218,5,Evening,20,20,80
20260218,5,Night,9,7,28
20260218,6,Morning,14,13,52
20260218,6,Evening,17,16,64
20260218,6,Night,4,3,12
20260218,7,Morning,15,15,60
20260218,7,Evening,17,16,64
20260218,7,Night,7,5,20
20260218,8,Morning,14,14,56
20260218,8,Evening,16,16,64
20260218,8,Night,7,6,24
20260218,9,Morning,15,13,52
20260218,9,Evening,19,18,72
20260218,9,Night,7,6,24
20260218,10,Morning,14,13,52
20260218,10,Evening,20,20,80
20260218,10,Night,7,7,28
20260218,11,Morning,11,11,44
20260218,11,Evening,18,18,72
20260218,11,Night,8,8,32
20260218,12,Morning,14,13,52
20260218,12,Evening,16,15,60
20260218,12,Night,9,8,32
20260219,1,Morning,22,21,84
20260219,1,Evening,29,28,112
20260219,1,Night,16,16,64
20260219,2,Morning,12,12,48
20260219,2,Evening,19,18,72
20260219,2,Night,9,7,28
20260219,3,Morning,13,13,52
20260219,3,Evening,18,17,68
20260219,3,Night,8,8,32
20260219,4,Morning,15,15,60
20260219,4,Evening,17,17,68
20260219,4,Night,10,10,40
20260219,5,Morning,16,16,64
20260219,5,Evening,19,19,76
20260219,5,Night,7,7,28
20260219,6,Morning,14,13,52
20260219,6,Evening,19,18,72
20260219,6,Night,9,9,36
20260219,7,Morning,15,15,60
20260219,7,Evening,16,15,60
20260219,7,Night,8,8,32
20260219,8,Morning,14,14,56
20260219,8,Evening,18,17,68
20260219,8,Night,7,6,24
20260219,9,Morning,12,12,48
20260219,9,Evening,18,18,72
20260219,9,Night,7,5,20
20260219,10,Morning,12,11,44
20260219,10,Evening,18,18,72
20260219,10,Night,7,6,24
20260219,11,Morning,14,13,52
20260219,11,Evening,18,18,72
20260219,11,Night,8,8,32
20260219,12,Morning,14,14,56
20260219,12,Evening,14,13,52
20260219,12,Night,8,7,28
20260220,1,Morning,26,26,104
20260220,1,Evening,27,26,104
20260220,1,Night,19,18,72
20260220,2,Morning,14,13,52
20260220,2,Evening,18,18,72
20260220,2,Night,6,6,24
20260220,3,Morning,13,13,52
20260220,3,Evening,18,18,72
20260220,3,Night,10,10,40
20260220,4,Morning,14,13,52
20260220,4,Evening,19,19,76
20260220,4,Night,6,6,24
20260220,5,Morning,13,13,52
20260220,5,Evening,19,19,76
20260220,5,Night,8,7,28
20260220,6,Morning,14,14,56
20260220,6,Evening,22,22,88
20260220,6,Night,8,8,32
20260220,7,Morning,16,15,60
20260220,7,Evening,22,22,88
20260220,7,Night,10,10,40
20260220,8,Morning,14,14,56
20260220,8,Evening,20,20,80
20260220,8,Night,7,7,28
20260220,9,Morning,16,16,64
20260220,9,Evening,20,20,80
20260220,9,Night,8,8,32
20260220,10,Morning,14,14,56
20260220,10,Evening,19,19,76
20260220,10,Night,7,7,28
20260220,11,Morning,16,16,64
20260220,11,Evening,18,17,68
20260220,11,Night,8,7,28
20260220,12,Morning,14,13,52
20260220,12,Evening,16,16,64
20260220,12,Night,6,6,24
20260221,1,Morning,25,25,100
20260221,1,Evening,30,29,116
20260221,1,Night,20,20,80
20260221,2,Morning,17,16,64
20260221,2,Evening,18,18,72
20260221,2,Night,5,4,16
20260221,3,Morning,13,13,52
20260221,3,Evening,19,19,76
20260221,3,Night,7,6,24
20260221,4,Morning,14,13,52
20260221,4,Evening,20,19,76
20260221,4,Night,6,5,20
20260221,5,Morning,16,16,64
20260221,5,Evening,19,19,76
20260221,5,Night,8,6,24
20260221,6,Morning,15,15,60
20260221,6,Evening,18,17,68
20260221,6,Night,9,9,36
20260221,7,Morning,16,16,64
20260221,7,Evening,17,16,64
20260221,7,Night,6,6,24
20260221,8,Morning,14,14,56
20260221,8,Evening,18,18,72
20260221,8,Night,8,8,32
20260221,9,Morning,12,11,44
20260221,9,Evening,21,20,80
20260221,9,Night,9,9,36
20260221,10,Morning,13,13,52
20260221,10,Evening,19,19,76
20260221,10,Night,10,10,40
20260221,11,Morning,15,15,60
20260221,11,Evening,19,19,76
20260221,11,Night,8,7,28
20260221,12,Morning,15,14,56
20260221,12,Evening,15,14,56
20260221,12,Night,5,5,20
20260222,1,Morning,23,23,92
20260222,1,Evening,28,28,112
20260222,1,Night,18,18,72
20260222,2,Morning,15,15,60
20260222,2,Evening,18,18,72
20260222,2,Night,4,4,16
20260222,3,Morning,15,15,60
20260222,3,Evening,19,19,76
20260222,3,Night,7,5,20
20260222,4,Morning,13,12,48
20260222,4,Evening,20,20,80
20260222,4,Night,8,7,28
20260222,5,Morning,15,15,60
20260222,5,Evening,20,20,80
20260222,5,Night,10,10,40
20260222,6,Morning,13,12,48
20260222,6,Evening,19,18,72
20260222,6,Night,8,8,32
20260222,7,Morning,13,13,52
20260222,7,Evening,17,16,64
20260222,7,Night,10,10,40
20260222,8,Morning,17,17,68
20260222,8,Evening,18,18,72
20260222,8,Night,9,9,36
20260222,9,Morning,15,14,56
20260222,9,Evening,20,20,80
20260222,9,Night,10,10,40
20260222,10,Morning,13,13,52
20260222,10,Evening,19,19,76
20260222,10,Night,7,6,24
20260222,11,Morning,11,11,44
20260222,11,Evening,16,16,64
20260222,11,Night,9,9,36
20260222,12,Morning,12,12,48
20260222,12,Evening,19,19,76
20260222,12,Night,7,7,28
20260223,1,Morning,23,23,92
20260223,1,Evening,28,27,108
20260223,1,Night,18,18,72
20260223,2,Morning,18,18,72
20260223,2,Evening,17,17,68
20260223,2,Night,7,6,24
20260223,3,Morning,15,15,60
20260223,3,Evening,18,18,72
20260223,3,Night,8,7,28
20260223,4,Morning,14,13,52
20260223,4,Evening,17,16,64
20260223,4,Night,8,8,32
20260223,5,Morning,13,13,52
20260223,5,Evening,17,17,68
20260223,5,Night,9,8,32
20260223,6,Morning,13,13,52
20260223,6,Evening,19,19,76
20260223,6,Night,9,8,32
20260223,7,Morning,11,11,44
20260223,7,Evening,15,14,56
20260223,7,Night,8,7,28
20260223,8,Morning,15,15,60
20260223,8,Evening,19,19,76
20260223,8,Night,6,6,24
20260223,9,Morning,14,14,56
20260223,9,Evening,19,19,76
20260223,9,Night,8,8,32
20260223,10,Morning,13,13,52
20260223,10,Evening,17,16,64
20260223,10,Night,6,4,16
20260223,11,Morning,13,13,52
20260223,11,Evening,18,18,72
20260223,11,Night,8,8,32
20260223,12,Morning,13,12,48
20260223,12,Evening,18,18,72
20260223,12,Night,6,5,20
20260224,1,Morning,23,23,92
20260224,1,Evening,28,27,108
20260224,1,Night,13,13,52
20260224,2,Morning,14,13,52
20260224,2,Evening,17,16,64
20260224,2,Night,8,8,32
20260224,3,Morning,14,14,56
20260224,3,Evening,18,18,72
20260224,3,Night,8,8,32
20260224,4,Morning,14,14,56
20260224,4,Evening,15,15,60
20260224,4,Night,7,7,28
20260224,5,Morning,15,15,60
20260224,5,Evening,18,17,68
20260224,5,Night,8,8,32
20260224,6,Morning,13,13,52
20260224,6,Evening,18,18,72
20260224,6,Night,10,10,40
20260224,7,Morning,17,16,64
20260224,7,Evening,17,17,68
20260224,7,Night,8,8,32
20260224,8,Morning,15,14,56
20260224,8,Evening,18,18,72
20260224,8,Night,7,7,28
20260224,9,Morning,17,17,68
20260224,9,Evening,18,17,68
20260224,9,Night,8,8,32
20260224,10,Morning,15,15,60
20260224,10,Evening,15,15,60
20260224,10,Night,8,8,32
20260224,11,Morning,15,15,60
20260224,11,Evening,17,17,68
20260224,11,Night,9,9,36
20260224,12,Morning,14,14,56
20260224,12,Evening,18,18,72
20260224,12,Night,7,7,28
20260225,1,Morning,22,21,84
20260225,1,Evening,26,25,100
20260225,1,Night,17,17,68
20260225,2,Morning,15,15,60
20260225,2,Evening,18,17,68
20260225,2,Night,7,7,28
20260225,3,Morning,14,14,56
20260225,3,Evening,18,18,72
20260225,3,Night,10,10,40
20260225,4,Morning,17,16,64
20260225,4,Evening,18,17,68
20260225,4,Night,9,8,32
20260225,5,Morning,14,14,56
20260225,5,Evening,20,20,80
20260225,5,Night,6,6,24
20260225,6,Morning,15,15,60
20260225,6,Evening,18,17,68
20260225,6,Night,9,8,32
20260225,7,Morning,13,13,52
20260225,7,Evening,20,19,76
20260225,7,Night,7,7,28
20260225,8,Morning,11,10,40
20260225,8,Evening,20,20,80
20260225,8,Night,6,6,24
20260225,9,Morning,15,15,60
20260225,9,Evening,17,17,68
20260225,9,Night,9,9,36
20260225,10,Morning,14,14,56
20260225,10,Evening,16,15,60
20260225,10,Night,9,9,36
20260225,11,Morning,12,11,44
20260225,11,Evening,15,15,60
20260225,11,Night,12,12,48
20260225,12,Morning,12,11,44
20260225,12,Evening,18,18,72
20260225,12,Night,12,12,48
20260226,1,Morning,26,26,104
20260226,1,Evening,28,28,112
20260226,1,Night,18,18,72
20260226,2,Morning,17,16,64
20260226,2,Evening,17,17,68
20260226,2,Night,9,8,32
20260226,3,Morning,12,12,48
20260226,3,Evening,18,18,72
20260226,3,Night,11,10,40
20260226,4,Morning,15,15,60
20260226,4,Evening,18,17,68
20260226,4,Night,9,9,36
20260226,5,Morning,14,13,52
20260226,5,Evening,20,20,80
20260226,5,Night,8,8,32
20260226,6,Morning,14,14,56
20260226,6,Evening,19,19,76
20260226,6,Night,7,7,28
20260226,7,Morning,14,14,56
20260226,7,Evening,15,15,60
20260226,7,Night,6,5,20
20260226,8,Morning,16,16,64
20260226,8,Evening,18,18,72
20260226,8,Night,9,9,36
20260226,9,Morning,15,14,56
20260226,9,Evening,18,18,72
20260226,9,Night,10,9,36
20260226,10,Morning,16,16,64
20260226,10,Evening,19,19,76
20260226,10,Night,9,8,32
20260226,11,Morning,13,13,52
20260226,11,Evening,17,16,64
20260226,11,Night,8,6,24
20260226,12,Morning,15,15,60
20260226,12,Evening,19,18,72
20260226,12,Night,8,8,32
20260227,1,Morning,27,27,108
20260227,1,Evening,29,29,116
20260227,1,Night,21,21,84
20260227,2,Morning,16,16,64
20260227,2,Evening,18,17,68
20260227,2,Night,8,7,28
20260227,3,Morning,14,14,56
20260227,3,Evening,18,17,68
20260227,3,Night,10,8,32
20260227,4,Morning,16,15,60
20260227,4,Evening,17,17,68
20260227,4,Night,7,6,24
20260227,5,Morning,13,13,52
20260227,5,Evening,17,15,60
20260227,5,Night,9,9,36
20260227,6,Morning,15,15,60
20260227,6,Evening,16,16,64
20260227,6,Night,9,9,36
20260227,7,Morning,16,16,64
20260227,7,Evening,18,18,72
20260227,7,Night,9,9,36
20260227,8,Morning,15,15,60
20260227,8,Evening,18,18,72
20260227,8,Night,10,10,40
20260227,9,Morning,15,15,60
20260227,9,Evening,18,17,68
20260227,9,Night,10,10,40
20260227,10,Morning,14,13,52
20260227,10,Evening,18,18,72
20260227,10,Night,7,6,24
20260227,11,Morning,14,14,56
20260227,11,Evening,20,20,80
20260227,11,Night,9,9,36
20260227,12,Morning,16,16,64
20260227,12,Evening,18,18,72
20260227,12,Night,7,5,20
20260228,1,Morning,25,25,100
20260228,1,Evening,30,30,120
20260228,1,Night,19,19,76
20260228,2,Morning,14,14,56
20260228,2,Evening,18,17,68
20260228,2,Night,7,7,28
20260228,3,Morning,16,15,60
20260228,3,Evening,22,21,84
20260228,3,Night,10,10,40
20260228,4,Morning,16,16,64
20260228,4,Evening,15,15,60
20260228,4,Night,8,7,28
20260228,5,Morning,14,14,56
20260228,5,Evening,19,19,76
20260228,5,Night,9,9,36
20260228,6,Morning,14,14,56
20260228,6,Evening,17,16,64
20260228,6,Night,8,8,32
20260228,7,Morning,12,12,48
20260228,7,Evening,20,19,76
20260228,7,Night,7,7,28
20260228,8,Morning,12,11,44
20260228,8,Evening,19,19,76
20260228,8,Night,8,8,32
20260228,9,Morning,17,16,64
20260228,9,Evening,21,21,84
20260228,9,Night,10,9,36
20260228,10,Morning,13,12,48
20260228,10,Evening,18,18,72
20260228,10,Night,8,8,32
20260228,11,Morning,12,12,48
20260228,11,Evening,20,20,80
20260228,11,Night,4,4,16
20260228,12,Morning,15,15,60
20260228,12,Evening,17,17,68
20260228,12,Night,7,7,28
20260301,1,Morning,22,22,88
20260301,1,Evening,25,24,96
20260301,1,Night,16,15,60
20260301,2,Morning,15,15,60
20260301,2,Evening,18,17,68
20260301,2,Night,8,7,28
20260301,3,Morning,14,13,52
20260301,3,Evening,18,18,72
20260301,3,Night,9,9,36
20260301,4,Morning,11,11,44
20260301,4,Evening,16,15,60
20260301,4,Night,8,7,28
20260301,5,Morning,11,10,40
20260301,5,Evening,17,17,68
20260301,5,Night,6,5,20
20260301,6,Morning,15,14,56
20260301,6,Evening,19,19,76
20260301,6,Night,6,5,20
20260301,7,Morning,15,14,56
20260301,7,Evening,19,19,76
20260301,7,Night,8,8,32
20260301,8,Morning,11,11,44
20260301,8,Evening,18,18,72
20260301,8,Night,5,5,20
20260301,9,Morning,16,16,64
20260301,9,Evening,15,15,60
20260301,9,Night,10,9,36
20260301,10,Morning,12,11,44
20260301,10,Evening,18,17,68
20260301,10,Night,10,10,40
20260301,11,Morning,12,12,48
20260301,11,Evening,20,19,76
20260301,11,Night,8,7,28
20260301,12,Morning,13,13,52
20260301,12,Evening,18,17,68
20260301,12,Night,8,8,32
20260302,1,Morning,23,23,92
20260302,1,Evening,25,25,100
20260302,1,Night,16,16,64
20260302,2,Morning,14,14,56
20260302,2,Evening,16,15,60
20260302,2,Night,8,7,28
20260302,3,Morning,13,12,48
20260302,3,Evening,17,17,68
20260302,3,Night,7,7,28
20260302,4,Morning,13,13,52
20260302,4,Evening,17,16,64
20260302,4,Night,8,8,32
20260302,5,Morning,15,15,60
20260302,5,Evening,17,17,68
20260302,5,Night,9,9,36
20260302,6,Morning,14,13,52
20260302,6,Evening,17,17,68
20260302,6,Night,8,8,32
20260302,7,Morning,15,15,60
20260302,7,Evening,18,16,64
20260302,7,Night,9,9,36
20260302,8,Morning,15,14,56
20260302,8,Evening,15,15,60
20260302,8,Night,7,6,24
20260302,9,Morning,14,14,56
20260302,9,Evening,19,19,76
20260302,9,Night,10,10,40
20260302,10,Morning,15,15,60
20260302,10,Evening,17,17,68
20260302,10,Night,10,10,40
20260302,11,Morning,19,19,76
20260302,11,Evening,16,15,60
20260302,11,Night,8,8,32
20260302,12,Morning,13,13,52
20260302,12,Evening,21,21,84
20260302,12,Night,5,5,20
20260303,1,Morning,23,23,92
20260303,1,Evening,28,28,112
20260303,1,Night,17,17,68
20260303,2,Morning,16,16,64
20260303,2,Evening,18,18,72
20260303,2,Night,8,8,32
20260303,3,Morning,14,14,56
20260303,3,Evening,16,16,64
20260303,3,Night,9,8,32
20260303,4,Morning,19,18,72
20260303,4,Evening,19,19,76
20260303,4,Night,8,7,28
20260303,5,Morning,9,7,28
20260303,5,Evening,18,16,64
20260303,5,Night,5,5,20
20260303,6,Morning,11,11,44
20260303,6,Evening,16,15,60
20260303,6,Night,8,7,28
20260303,7,Morning,12,11,44
20260303,7,Evening,19,18,72
20260303,7,Night,4,4,16
20260303,8,Morning,17,17,68
20260303,8,Evening,16,16,64
20260303,8,Night,6,6,24
20260303,9,Morning,14,14,56
20260303,9,Evening,16,16,64
20260303,9,Night,8,8,32
20260303,10,Morning,14,14,56
20260303,10,Evening,18,18,72
20260303,10,Night,9,8,32
20260303,11,Morning,14,13,52
20260303,11,Evening,18,18,72
20260303,11,Night,8,7,28
20260303,12,Morning,15,14,56
20260303,12,Evening,18,18,72
20260303,12,Night,8,7,28
20260304,1,Morning,23,23,92
20260304,1,Evening,26,26,104
20260304,1,Night,21,21,84
20260304,2,Morning,15,15,60
20260304,2,Evening,22,21,84
20260304,2,Night,7,7,28
20260304,3,Morning,14,14,56
20260304,3,Evening,18,18,72
20260304,3,Night,7,7,28
20260304,4,Morning,17,17,68
20260304,4,Evening,18,17,68
20260304,4,Night,8,8,32
20260304,5,Morning,15,15,60
20260304,5,Evening,21,21,84
20260304,5,Night,6,6,24
20260304,6,Morning,14,13,52
20260304,6,Evening,18,18,72
20260304,6,Night,8,8,32
20260304,7,Morning,14,14,56
20260304,7,Evening,21,21,84
20260304,7,Night,8,7,28
20260304,8,Morning,13,13,52
20260304,8,Evening,19,18,72
20260304,8,Night,8,8,32
20260304,9,Morning,15,15,60
20260304,9,Evening,18,18,72
20260304,9,Night,8,8,32
20260304,10,Morning,15,14,56
20260304,10,Evening,19,18,72
20260304,10,Night,10,8,32
20260304,11,Morning,14,14,56
20260304,11,Evening,17,17,68
20260304,11,Night,8,7,28
20260304,12,Morning,13,13,52
20260304,12,Evening,17,16,64
20260304,12,Night,6,6,24
20260305,1,Morning,22,22,88
20260305,1,Evening,25,25,100
20260305,1,Night,17,17,68
20260305,2,Morning,15,15,60
20260305,2,Evening,17,17,68
20260305,2,Night,8,7,28
20260305,3,Morning,16,15,60
20260305,3,Evening,21,21,84
20260305,3,Night,8,8,32
20260305,4,Morning,12,11,44
20260305,4,Evening,18,17,68
20260305,4,Night,6,6,24
20260305,5,Morning,13,12,48
20260305,5,Evening,19,18,72
20260305,5,Night,8,8,32
20260305,6,Morning,15,15,60
20260305,6,Evening,15,15,60
20260305,6,Night,7,7,28
20260305,7,Morning,13,13,52
20260305,7,Evening,15,15,60
20260305,7,Night,9,9,36
20260305,8,Morning,15,15,60
20260305,8,Evening,16,16,64
20260305,8,Night,6,6,24
20260305,9,Morning,18,18,72
20260305,9,Evening,19,18,72
20260305,9,Night,9,9,36
20260305,10,Morning,12,12,48
20260305,10,Evening,19,19,76
20260305,10,Night,7,7,28
20260305,11,Morning,15,14,56
20260305,11,Evening,21,21,84
20260305,11,Night,6,6,24
20260305,12,Morning,14,13,52
20260305,12,Evening,19,19,76
20260305,12,Night,8,6,24
20260306,1,Morning,26,25,100
20260306,1,Evening,30,29,116
20260306,1,Night,20,19,76
20260306,2,Morning,13,13,52
20260306,2,Evening,19,19,76
20260306,2,Night,8,8,32
20260306,3,Morning,15,15,60
20260306,3,Evening,16,16,64
20260306,3,Night,7,7,28
20260306,4,Morning,14,14,56
20260306,4,Evening,19,19,76
20260306,4,Night,7,6,24
20260306,5,Morning,12,12,48
20260306,5,Evening,18,18,72
20260306,5,Night,9,7,28
20260306,6,Morning,14,14,56
20260306,6,Evening,20,19,76
20260306,6,Night,7,7,28
20260306,7,Morning,14,14,56
20260306,7,Evening,17,17,68
20260306,7,Night,9,9,36
20260306,8,Morning,13,13,52
20260306,8,Evening,17,16,64
20260306,8,Night,8,7,28
20260306,9,Morning,16,15,60
20260306,9,Evening,18,18,72
20260306,9,Night,7,7,28
20260306,10,Morning,13,12,48
20260306,10,Evening,17,17,68
20260306,10,Night,7,7,28
20260306,11,Morning,13,13,52
20260306,11,Evening,18,18,72
20260306,11,Night,10,10,40
20260306,12,Morning,15,15,60
20260306,12,Evening,18,17,68
20260306,12,Night,8,7,28
20260307,1,Morning,22,22,88
20260307,1,Evening,29,29,116
20260307,1,Night,21,21,84
20260307,2,Morning,15,14,56
20260307,2,Evening,17,16,64
20260307,2,Night,11,11,44
20260307,3,Morning,13,13,52
20260307,3,Evening,18,18,72
20260307,3,Night,8,7,28
20260307,4,Morning,15,14,56
20260307,4,Evening,21,20,80
20260307,4,Night,8,8,32
20260307,5,Morning,15,15,60
20260307,5,Evening,15,15,60
20260307,5,Night,7,7,28
20260307,6,Morning,12,11,44
20260307,6,Evening,20,20,80
20260307,6,Night,6,6,24
20260307,7,Morning,17,17,68
20260307,7,Evening,17,16,64
20260307,7,Night,7,6,24
20260307,8,Morning,13,13,52
20260307,8,Evening,18,17,68
20260307,8,Night,5,5,20
20260307,9,Morning,15,15,60
20260307,9,Evening,18,18,72
20260307,9,Night,8,8,32
20260307,10,Morning,13,13,52
20260307,10,Evening,19,18,72
20260307,10,Night,9,8,32
20260307,11,Morning,15,15,60
20260307,11,Evening,19,17,68
20260307,11,Night,7,7,28
20260307,12,Morning,13,13,52
20260307,12,Evening,19,19,76
20260307,12,Night,8,8,32
20260308,1,Morning,26,26,104
20260308,1,Evening,26,26,104
20260308,1,Night,16,15,60
20260308,2,Morning,14,13,52
20260308,2,Evening,19,19,76
20260308,2,Night,9,9,36
20260308,3,Morning,16,15,60
20260308,3,Evening,18,18,72
20260308,3,Night,8,8,32
20260308,4,Morning,12,12,48
20260308,4,Evening,18,16,64
20260308,4,Night,8,7,28
20260308,5,Morning,11,11,44
20260308,5,Evening,18,17,68
20260308,5,Night,8,8,32
20260308,6,Morning,14,14,56
20260308,6,Evening,19,18,72
20260308,6,Night,7,7,28
20260308,7,Morning,14,14,56
20260308,7,Evening,18,17,68
20260308,7,Night,7,6,24
20260308,8,Morning,14,14,56
20260308,8,Evening,17,17,68
20260308,8,Night,7,7,28
20260308,9,Morning,16,15,60
20260308,9,Evening,18,18,72
20260308,9,Night,8,7,28
20260308,10,Morning,14,14,56
20260308,10,Evening,18,18,72
20260308,10,Night,7,7,28
20260308,11,Morning,12,12,48
20260308,11,Evening,17,17,68
20260308,11,Night,9,8,32
20260308,12,Morning,11,11,44
20260308,12,Evening,17,17,68
20260308,12,Night,10,10,40
20260309,1,Morning,23,23,92
20260309,1,Evening,25,25,100
20260309,1,Night,16,16,64
20260309,2,Morning,14,13,52
20260309,2,Evening,19,19,76
20260309,2,Night,9,9,36
20260309,3,Morning,14,13,52
20260309,3,Evening,18,17,68
20260309,3,Night,11,11,44
20260309,4,Morning,14,14,56
20260309,4,Evening,18,18,72
20260309,4,Night,11,10,40
20260309,5,Morning,14,14,56
20260309,5,Evening,19,19,76
20260309,5,Night,7,6,24
20260309,6,Morning,15,15,60
20260309,6,Evening,17,16,64
20260309,6,Night,8,7,28
20260309,7,Morning,13,13,52
20260309,7,Evening,21,20,80
20260309,7,Night,7,7,28
20260309,8,Morning,16,16,64
20260309,8,Evening,17,16,64
20260309,8,Night,8,8,32
20260309,9,Morning,14,14,56
20260309,9,Evening,19,18,72
20260309,9,Night,9,9,36
20260309,10,Morning,14,13,52
20260309,10,Evening,16,15,60
20260309,10,Night,8,8,32
20260309,11,Morning,17,17,68
20260309,11,Evening,18,18,72
20260309,11,Night,7,7,28
20260309,12,Morning,16,15,60
20260309,12,Evening,18,18,72
20260309,12,Night,7,6,24
20260310,1,Morning,22,21,84
20260310,1,Evening,28,28,112
20260310,1,Night,18,18,72
20260310,2,Morning,12,12,48
20260310,2,Evening,18,18,72
20260310,2,Night,10,10,40
20260310,3,Morning,16,15,60
20260310,3,Evening,19,19,76
20260310,3,Night,7,6,24
20260310,4,Morning,13,13,52
20260310,4,Evening,18,17,68
20260310,4,Night,10,10,40
20260310,5,Morning,14,14,56
20260310,5,Evening,18,18,72
20260310,5,Night,8,8,32
20260310,6,Morning,14,13,52
20260310,6,Evening,20,19,76
20260310,6,Night,10,10,40
20260310,7,Morning,14,14,56
20260310,7,Evening,19,19,76
20260310,7,Night,8,8,32
20260310,8,Morning,18,18,72
20260310,8,Evening,21,20,80
20260310,8,Night,7,6,24
20260310,9,Morning,15,15,60
20260310,9,Evening,15,15,60
20260310,9,Night,6,6,24
20260310,10,Morning,15,15,60
20260310,10,Evening,19,18,72
20260310,10,Night,9,9,36
20260310,11,Morning,13,13,52
20260310,11,Evening,15,14,56
20260310,11,Night,9,8,32
20260310,12,Morning,13,13,52
20260310,12,Evening,17,17,68
20260310,12,Night,6,6,24
20260311,1,Morning,21,20,80
20260311,1,Evening,27,27,108
20260311,1,Night,15,15,60
20260311,2,Morning,15,14,56
20260311,2,Evening,19,19,76
20260311,2,Night,9,9,36
20260311,3,Morning,14,14,56
20260311,3,Evening,18,18,72
20260311,3,Night,8,8,32
20260311,4,Morning,13,13,52
20260311,4,Evening,18,18,72
20260311,4,Night,8,8,32
20260311,5,Morning,13,12,48
20260311,5,Evening,19,18,72
20260311,5,Night,8,7,28
20260311,6,Morning,13,13,52
20260311,6,Evening,19,19,76
20260311,6,Night,8,8,32
20260311,7,Morning,14,14,56
20260311,7,Evening,18,18,72
20260311,7,Night,9,9,36
20260311,8,Morning,14,14,56
20260311,8,Evening,19,19,76
20260311,8,Night,9,9,36
20260311,9,Morning,12,12,48
20260311,9,Evening,19,19,76
20260311,9,Night,7,6,24
20260311,10,Morning,14,13,52
20260311,10,Evening,16,15,60
20260311,10,Night,8,8,32
20260311,11,Morning,14,14,56
20260311,11,Evening,17,17,68
20260311,11,Night,9,9,36
20260311,12,Morning,12,10,40
20260311,12,Evening,17,16,64
20260311,12,Night,9,9,36
20260312,1,Morning,23,23,92
20260312,1,Evening,26,25,100
20260312,1,Night,18,18,72
20260312,2,Morning,16,16,64
20260312,2,Evening,19,19,76
20260312,2,Night,6,6,24
20260312,3,Morning,12,11,44
20260312,3,Evening,18,17,68
20260312,3,Night,8,7,28
20260312,4,Morning,15,15,60
20260312,4,Evening,20,20,80
20260312,4,Night,8,7,28
20260312,5,Morning,13,13,52
20260312,5,Evening,18,18,72
20260312,5,Night,6,6,24
20260312,6,Morning,14,14,56
20260312,6,Evening,18,18,72
20260312,6,Night,7,6,24
20260312,7,Morning,16,15,60
20260312,7,Evening,19,18,72
20260312,7,Night,10,10,40
20260312,8,Morning,14,13,52
20260312,8,Evening,20,20,80
20260312,8,Night,9,8,32
20260312,9,Morning,14,14,56
20260312,9,Evening,15,14,56
20260312,9,Night,8,7,28
20260312,10,Morning,14,13,52
20260312,10,Evening,18,18,72
20260312,10,Night,10,9,36
20260312,11,Morning,12,12,48
20260312,11,Evening,19,19,76
20260312,11,Night,9,8,32
20260312,12,Morning,14,14,56
20260312,12,Evening,17,17,68
20260312,12,Night,9,8,32
20260313,1,Morning,25,25,100
20260313,1,Evening,28,28,112
20260313,1,Night,20,20,80
20260313,2,Morning,12,12,48
20260313,2,Evening,18,18,72
20260313,2,Night,6,5,20
20260313,3,Morning,13,12,48
20260313,3,Evening,16,16,64
20260313,3,Night,9,9,36
20260313,4,Morning,15,14,56
20260313,4,Evening,20,20,80
20260313,4,Night,9,9,36
20260313,5,Morning,14,14,56
20260313,5,Evening,19,18,72
20260313,5,Night,10,10,40
20260313,6,Morning,13,13,52
20260313,6,Evening,18,18,72
20260313,6,Night,9,7,28
20260313,7,Morning,15,15,60
20260313,7,Evening,17,16,64
20260313,7,Night,8,8,32
20260313,8,Morning,16,15,60
20260313,8,Evening,20,20,80
20260313,8,Night,10,10,40
20260313,9,Morning,14,14,56
20260313,9,Evening,19,19,76
20260313,9,Night,8,8,32
20260313,10,Morning,12,12,48
20260313,10,Evening,19,18,72
20260313,10,Night,5,5,20
20260313,11,Morning,15,15,60
20260313,11,Evening,18,17,68
20260313,11,Night,9,9,36
20260313,12,Morning,13,13,52
20260313,12,Evening,20,19,76
20260313,12,Night,7,7,28
20260314,1,Morning,22,21,84
20260314,1,Evening,31,31,124
20260314,1,Night,20,19,76
20260314,2,Morning,14,14,56
20260314,2,Evening,19,19,76
20260314,2,Night,10,9,36
20260314,3,Morning,14,13,52
20260314,3,Evening,16,15,60
20260314,3,Night,7,7,28
20260314,4,Morning,14,13,52
20260314,4,Evening,19,19,76
20260314,4,Night,7,6,24
20260314,5,Morning,15,14,56
20260314,5,Evening,17,17,68
20260314,5,Night,9,7,28
20260314,6,Morning,16,15,60
20260314,6,Evening,20,20,80
20260314,6,Night,12,11,44
20260314,7,Morning,14,14,56
20260314,7,Evening,17,17,68
20260314,7,Night,7,7,28
20260314,8,Morning,14,14,56
20260314,8,Evening,18,18,72
20260314,8,Night,8,8,32
20260314,9,Morning,14,14,56
20260314,9,Evening,18,17,68
20260314,9,Night,12,11,44
20260314,10,Morning,14,13,52
20260314,10,Evening,20,20,80
20260314,10,Night,4,4,16
20260314,11,Morning,15,15,60
20260314,11,Evening,17,17,68
20260314,11,Night,11,10,40
20260314,12,Morning,12,11,44
20260314,12,Evening,17,17,68
20260314,12,Night,6,6,24
20260315,1,Morning,24,24,96
20260315,1,Evening,26,24,96
20260315,1,Night,17,17,68
20260315,2,Morning,14,13,52
20260315,2,Evening,20,20,80
20260315,2,Night,9,9,36
20260315,3,Morning,13,12,48
20260315,3,Evening,18,18,72
20260315,3,Night,9,8,32
20260315,4,Morning,13,13,52
20260315,4,Evening,18,18,72
20260315,4,Night,8,8,32
20260315,5,Morning,14,13,52
20260315,5,Evening,18,17,68
20260315,5,Night,8,7,28
20260315,6,Morning,14,13,52
20260315,6,Evening,16,15,60
20260315,6,Night,7,7,28
20260315,7,Morning,15,15,60
20260315,7,Evening,19,18,72
20260315,7,Night,7,7,28
20260315,8,Morning,12,12,48
20260315,8,Evening,18,18,72
20260315,8,Night,9,9,36
20260315,9,Morning,10,9,36
20260315,9,Evening,18,17,68
20260315,9,Night,7,7,28
20260315,10,Morning,16,16,64
20260315,10,Evening,17,17,68
20260315,10,Night,7,7,28
20260315,11,Morning,12,12,48
20260315,11,Evening,19,19,76
20260315,11,Night,9,9,36
20260315,12,Morning,17,17,68
20260315,12,Evening,18,17,68
20260315,12,Night,8,8,32
20260316,1,Morning,22,21,84
20260316,1,Evening,28,27,108
20260316,1,Night,16,16,64
20260316,2,Morning,16,15,60
20260316,2,Evening,17,17,68
20260316,2,Night,9,8,32
20260316,3,Morning,13,13,52
20260316,3,Evening,18,18,72
20260316,3,Night,9,9,36
20260316,4,Morning,15,14,56
20260316,4,Evening,19,19,76
20260316,4,Night,8,8,32
20260316,5,Morning,15,15,60
20260316,5,Evening,18,18,72
20260316,5,Night,7,7,28
20260316,6,Morning,12,12,48
20260316,6,Evening,17,17,68
20260316,6,Night,9,8,32
20260316,7,Morning,14,13,52
20260316,7,Evening,15,15,60
20260316,7,Night,11,11,44
20260316,8,Morning,13,13,52
20260316,8,Evening,18,18,72
20260316,8,Night,6,6,24
20260316,9,Morning,14,13,52
20260316,9,Evening,19,19,76
20260316,9,Night,9,9,36
20260316,10,Morning,16,16,64
20260316,10,Evening,17,17,68
20260316,10,Night,7,7,28
20260316,11,Morning,16,16,64
20260316,11,Evening,18,18,72
20260316,11,Night,7,7,28
20260316,12,Morning,13,13,52
20260316,12,Evening,15,15,60
20260316,12,Night,6,6,24
20260317,1,Morning,22,21,84
20260317,1,Evening,26,26,104
20260317,1,Night,15,14,56
20260317,2,Morning,14,14,56
20260317,2,Evening,17,17,68
20260317,2,Night,8,8,32
20260317,3,Morning,15,14,56
20260317,3,Evening,19,18,72
20260317,3,Night,7,7,28
20260317,4,Morning,16,16,64
20260317,4,Evening,16,15,60
20260317,4,Night,8,8,32
20260317,5,Morning,13,12,48
20260317,5,Evening,19,19,76
20260317,5,Night,9,9,36
20260317,6,Morning,14,14,56
20260317,6,Evening,19,18,72
20260317,6,Night,9,9,36
20260317,7,Morning,15,14,56
20260317,7,Evening,20,19,76
20260317,7,Night,6,6,24
20260317,8,Morning,14,14,56
20260317,8,Evening,19,19,76
20260317,8,Night,6,6,24
20260317,9,Morning,13,13,52
20260317,9,Evening,17,17,68
20260317,9,Night,9,9,36
20260317,10,Morning,15,15,60
20260317,10,Evening,16,15,60
20260317,10,Night,6,6,24
20260317,11,Morning,16,16,64
20260317,11,Evening,18,18,72
20260317,11,Night,9,8,32
20260317,12,Morning,15,15,60
20260317,12,Evening,19,19,76
20260317,12,Night,8,8,32
20260318,1,Morning,21,20,80
20260318,1,Evening,26,26,104
20260318,1,Night,18,16,64
20260318,2,Morning,14,13,52
20260318,2,Evening,18,18,72
20260318,2,Night,7,5,20
20260318,3,Morning,15,15,60
20260318,3,Evening,16,16,64
20260318,3,Night,9,9,36
20260318,4,Morning,13,13,52
20260318,4,Evening,21,20,80
20260318,4,Night,7,7,28
20260318,5,Morning,15,15,60
20260318,5,Evening,19,19,76
20260318,5,Night,5,5,20
20260318,6,Morning,15,15,60
20260318,6,Evening,20,20,80
20260318,6,Night,8,8,32
20260318,7,Morning,17,16,64
20260318,7,Evening,17,17,68
20260318,7,Night,4,4,16
20260318,8,Morning,17,17,68
20260318,8,Evening,14,14,56
20260318,8,Night,8,8,32
20260318,9,Morning,12,12,48
20260318,9,Evening,20,19,76
20260318,9,Night,10,8,32
20260318,10,Morning,12,12,48
20260318,10,Evening,17,16,64
20260318,10,Night,6,5,20
20260318,11,Morning,13,13,52
20260318,11,Evening,15,15,60
20260318,11,Night,6,6,24
20260318,12,Morning,13,13,52
20260318,12,Evening,18,18,72
20260318,12,Night,5,4,16
20260319,1,Morning,24,24,96
20260319,1,Evening,28,28,112
20260319,1,Night,18,17,68
20260319,2,Morning,14,13,52
20260319,2,Evening,20,20,80
20260319,2,Night,5,5,20
20260319,3,Morning,13,13,52
20260319,3,Evening,17,16,64
20260319,3,Night,10,8,32
20260319,4,Morning,15,15,60
20260319,4,Evening,18,18,72
20260319,4,Night,7,6,24
20260319,5,Morning,16,16,64
20260319,5,Evening,19,18,72
20260319,5,Night,9,8,32
20260319,6,Morning,14,12,48
20260319,6,Evening,19,18,72
20260319,6,Night,8,7,28
20260319,7,Morning,12,12,48
20260319,7,Evening,17,17,68
20260319,7,Night,5,4,16
20260319,8,Morning,12,11,44
20260319,8,Evening,19,19,76
20260319,8,Night,7,7,28
20260319,9,Morning,14,13,52
20260319,9,Evening,18,18,72
20260319,9,Night,8,8,32
20260319,10,Morning,14,14,56
20260319,10,Evening,18,17,68
20260319,10,Night,8,8,32
20260319,11,Morning,11,11,44
20260319,11,Evening,18,18,72
20260319,11,Night,7,7,28
20260319,12,Morning,14,14,56
20260319,12,Evening,17,16,64
20260319,12,Night,10,10,40
20260320,1,Morning,21,20,80
20260320,1,Evening,25,25,100
20260320,1,Night,17,16,64
20260320,2,Morning,14,14,56
20260320,2,Evening,18,18,72
20260320,2,Night,6,6,24
20260320,3,Morning,14,13,52
20260320,3,Evening,18,17,68
20260320,3,Night,9,8,32
20260320,4,Morning,18,18,72
20260320,4,Evening,16,16,64
20260320,4,Night,9,8,32
20260320,5,Morning,13,12,48
20260320,5,Evening,20,20,80
20260320,5,Night,9,9,36
20260320,6,Morning,11,11,44
20260320,6,Evening,16,16,64
20260320,6,Night,7,7,28
20260320,7,Morning,11,11,44
20260320,7,Evening,19,19,76
20260320,7,Night,7,6,24
20260320,8,Morning,15,15,60
20260320,8,Evening,21,21,84
20260320,8,Night,6,6,24
20260320,9,Morning,12,12,48
20260320,9,Evening,21,21,84
20260320,9,Night,8,8,32
20260320,10,Morning,13,13,52
20260320,10,Evening,18,18,72
20260320,10,Night,8,7,28
20260320,11,Morning,15,15,60
20260320,11,Evening,15,15,60
20260320,11,Night,7,7,28
20260320,12,Morning,15,15,60
20260320,12,Evening,18,18,72
20260320,12,Night,8,8,32
20260321,1,Morning,21,21,84
20260321,1,Evening,27,26,104
20260321,1,Night,16,16,64
20260321,2,Morning,14,13,52
20260321,2,Evening,16,15,60
20260321,2,Night,6,6,24
20260321,3,Morning,13,13,52
20260321,3,Evening,18,18,72
20260321,3,Night,8,7,28
20260321,4,Morning,12,12,48
20260321,4,Evening,19,19,76
20260321,4,Night,9,7,28
20260321,5,Morning,13,13,52
20260321,5,Evening,19,19,76
20260321,5,Night,7,6,24
20260321,6,Morning,13,13,52
20260321,6,Evening,17,16,64
20260321,6,Night,8,8,32
20260321,7,Morning,15,15,60
20260321,7,Evening,19,19,76
20260321,7,Night,8,8,32
20260321,8,Morning,14,14,56
20260321,8,Evening,18,18,72
20260321,8,Night,7,7,28
20260321,9,Morning,13,11,44
20260321,9,Evening,18,17,68
20260321,9,Night,5,5,20
20260321,10,Morning,14,14,56
20260321,10,Evening,16,16,64
20260321,10,Night,8,8,32
20260321,11,Morning,15,15,60
20260321,11,Evening,18,18,72
20260321,11,Night,6,6,24
20260321,12,Morning,13,13,52
20260321,12,Evening,17,17,68
20260321,12,Night,5,5,20
20260322,1,Morning,21,20,80
20260322,1,Evening,22,21,84
20260322,1,Night,15,15,60
20260322,2,Morning,13,13,52
20260322,2,Evening,17,16,64
20260322,2,Night,11,11,44
20260322,3,Morning,13,11,44
20260322,3,Evening,17,17,68
20260322,3,Night,6,6,24
20260322,4,Morning,17,17,68
20260322,4,Evening,18,18,72
20260322,4,Night,8,8,32
20260322,5,Morning,14,13,52
20260322,5,Evening,20,19,76
20260322,5,Night,7,6,24
20260322,6,Morning,13,13,52
20260322,6,Evening,18,16,64
20260322,6,Night,8,8,32
20260322,7,Morning,14,14,56
20260322,7,Evening,17,17,68
20260322,7,Night,11,10,40
20260322,8,Morning,17,17,68
20260322,8,Evening,20,20,80
20260322,8,Night,8,8,32
20260322,9,Morning,14,14,56
20260322,9,Evening,20,20,80
20260322,9,Night,9,9,36
20260322,10,Morning,15,14,56
20260322,10,Evening,19,18,72
20260322,10,Night,8,7,28
20260322,11,Morning,13,13,52
20260322,11,Evening,18,18,72
20260322,11,Night,10,8,32
20260322,12,Morning,13,12,48
20260322,12,Evening,18,18,72
20260322,12,Night,9,9,36
20260323,1,Morning,21,21,84
20260323,1,Evening,23,22,88
20260323,1,Night,12,12,48
20260323,2,Morning,15,15,60
20260323,2,Evening,19,19,76
20260323,2,Night,8,8,32
20260323,3,Morning,15,14,56
20260323,3,Evening,19,19,76
20260323,3,Night,9,8,32
20260323,4,Morning,14,14,56
20260323,4,Evening,17,16,64
20260323,4,Night,5,4,16
20260323,5,Morning,13,13,52
20260323,5,Evening,22,21,84
20260323,5,Night,9,9,36
20260323,6,Morning,13,13,52
20260323,6,Evening,16,16,64
20260323,6,Night,10,9,36
20260323,7,Morning,15,14,56
20260323,7,Evening,19,19,76
20260323,7,Night,8,8,32
20260323,8,Morning,13,13,52
20260323,8,Evening,17,17,68
20260323,8,Night,9,9,36
20260323,9,Morning,18,17,68
20260323,9,Evening,19,18,72
20260323,9,Night,10,10,40
20260323,10,Morning,17,16,64
20260323,10,Evening,18,18,72
20260323,10,Night,8,7,28
20260323,11,Morning,16,16,64
20260323,11,Evening,18,18,72
20260323,11,Night,8,8,32
20260323,12,Morning,15,15,60
20260323,12,Evening,18,18,72
20260323,12,Night,10,10,40
20260324,1,Morning,18,16,64
20260324,1,Evening,21,21,84
20260324,1,Night,15,15,60
20260324,2,Morning,14,13,52
20260324,2,Evening,17,16,64
20260324,2,Night,7,7,28
20260324,3,Morning,10,10,40
20260324,3,Evening,17,16,64
20260324,3,Night,6,5,20
20260324,4,Morning,14,13,52
20260324,4,Evening,19,19,76
20260324,4,Night,8,8,32
20260324,5,Morning,13,12,48
20260324,5,Evening,21,20,80
20260324,5,Night,10,10,40
20260324,6,Morning,14,14,56
20260324,6,Evening,17,17,68
20260324,6,Night,6,6,24
20260324,7,Morning,13,13,52
20260324,7,Evening,14,13,52
20260324,7,Night,7,6,24
20260324,8,Morning,12,12,48
20260324,8,Evening,17,17,68
20260324,8,Night,9,9,36
20260324,9,Morning,13,12,48
20260324,9,Evening,16,16,64
20260324,9,Night,9,9,36
20260324,10,Morning,14,14,56
20260324,10,Evening,17,16,64
20260324,10,Night,6,6,24
20260324,11,Morning,15,15,60
20260324,11,Evening,18,17,68
20260324,11,Night,7,6,24
20260324,12,Morning,16,16,64
20260324,12,Evening,19,19,76
20260324,12,Night,4,3,12
20260325,1,Morning,21,21,84
20260325,1,Evening,26,25,100
20260325,1,Night,13,13,52
20260325,2,Morning,14,13,52
20260325,2,Evening,18,18,72
20260325,2,Night,6,5,20
20260325,3,Morning,15,14,56
20260325,3,Evening,17,17,68
20260325,3,Night,6,6,24
20260325,4,Morning,14,13,52
20260325,4,Evening,19,19,76
20260325,4,Night,8,6,24
20260325,5,Morning,15,15,60
20260325,5,Evening,18,18,72
20260325,5,Night,7,7,28
20260325,6,Morning,15,15,60
20260325,6,Evening,18,18,72
20260325,6,Night,10,10,40
20260325,7,Morning,13,13,52
20260325,7,Evening,20,20,80
20260325,7,Night,7,6,24
20260325,8,Morning,14,14,56
20260325,8,Evening,19,18,72
20260325,8,Night,10,10,40
20260325,9,Morning,16,15,60
20260325,9,Evening,17,17,68
20260325,9,Night,10,10,40
20260325,10,Morning,14,13,52
20260325,10,Evening,20,19,76
20260325,10,Night,9,8,32
20260325,11,Morning,14,14,56
20260325,11,Evening,18,18,72
20260325,11,Night,9,9,36
20260325,12,Morning,15,15,60
20260325,12,Evening,18,18,72
20260325,12,Night,8,8,32
20260326,1,Morning,19,19,76
20260326,1,Evening,22,21,84
20260326,1,Night,10,10,40
20260326,2,Morning,11,11,44
20260326,2,Evening,16,16,64
20260326,2,Night,9,9,36
20260326,3,Morning,13,12,48
20260326,3,Evening,19,18,72
20260326,3,Night,9,8,32
20260326,4,Morning,14,13,52
20260326,4,Evening,17,17,68
20260326,4,Night,9,9,36
20260326,5,Morning,13,13,52
20260326,5,Evening,17,17,68
20260326,5,Night,8,7,28
20260326,6,Morning,13,12,48
20260326,6,Evening,18,18,72
20260326,6,Night,7,7,28
20260326,7,Morning,14,13,52
20260326,7,Evening,18,18,72
20260326,7,Night,7,6,24
20260326,8,Morning,14,14,56
20260326,8,Evening,19,19,76
20260326,8,Night,8,8,32
20260326,9,Morning,14,14,56
20260326,9,Evening,19,18,72
20260326,9,Night,8,8,32
20260326,10,Morning,14,14,56
20260326,10,Evening,17,15,60
20260326,10,Night,9,8,32
20260326,11,Morning,13,13,52
20260326,11,Evening,16,16,64
20260326,11,Night,8,8,32
20260326,12,Morning,15,15,60
20260326,12,Evening,18,18,72
20260326,12,Night,8,7,28
20260327,1,Morning,23,23,92
20260327,1,Evening,28,26,104
20260327,1,Night,16,16,64
20260327,2,Morning,14,13,52
20260327,2,Evening,17,15,60
20260327,2,Night,9,8,32
20260327,3,Morning,17,16,64
20260327,3,Evening,16,16,64
20260327,3,Night,11,10,40
20260327,4,Morning,14,14,56
20260327,4,Evening,18,18,72
20260327,4,Night,10,10,40
20260327,5,Morning,13,12,48
20260327,5,Evening,16,14,56
20260327,5,Night,10,9,36
20260327,6,Morning,17,16,64
20260327,6,Evening,18,18,72
20260327,6,Night,7,6,24
20260327,7,Morning,14,14,56
20260327,7,Evening,17,16,64
20260327,7,Night,7,7,28
20260327,8,Morning,13,13,52
20260327,8,Evening,19,19,76
20260327,8,Night,7,6,24
20260327,9,Morning,14,14,56
20260327,9,Evening,16,16,64
20260327,9,Night,11,11,44
20260327,10,Morning,15,14,56
20260327,10,Evening,20,20,80
20260327,10,Night,7,7,28
20260327,11,Morning,14,14,56
20260327,11,Evening,18,18,72
20260327,11,Night,10,10,40
20260327,12,Morning,15,15,60
20260327,12,Evening,21,21,84
20260327,12,Night,7,7,28
20260328,1,Morning,23,23,92
20260328,1,Evening,26,26,104
20260328,1,Night,16,15,60
20260328,2,Morning,15,15,60
20260328,2,Evening,15,15,60
20260328,2,Night,4,4,16
20260328,3,Morning,16,16,64
20260328,3,Evening,19,19,76
20260328,3,Night,8,7,28
20260328,4,Morning,15,15,60
20260328,4,Evening,15,15,60
20260328,4,Night,7,7,28
20260328,5,Morning,14,14,56
20260328,5,Evening,19,19,76
20260328,5,Night,8,7,28
20260328,6,Morning,13,13,52
20260328,6,Evening,18,17,68
20260328,6,Night,8,8,32
20260328,7,Morning,12,12,48
20260328,7,Evening,18,18,72
20260328,7,Night,12,12,48
20260328,8,Morning,12,12,48
20260328,8,Evening,17,17,68
20260328,8,Night,9,9,36
20260328,9,Morning,15,15,60
20260328,9,Evening,20,18,72
20260328,9,Night,8,8,32
20260328,10,Morning,12,12,48
20260328,10,Evening,16,16,64
20260328,10,Night,11,11,44
20260328,11,Morning,14,13,52
20260328,11,Evening,18,18,72
20260328,11,Night,9,9,36
20260328,12,Morning,13,13,52
20260328,12,Evening,20,19,76
20260328,12,Night,7,7,28
20260329,1,Morning,19,19,76
20260329,1,Evening,21,20,80
20260329,1,Night,13,12,48
20260329,2,Morning,13,12,48
20260329,2,Evening,16,16,64
20260329,2,Night,7,7,28
20260329,3,Morning,16,16,64
20260329,3,Evening,15,14,56
20260329,3,Night,7,6,24
20260329,4,Morning,13,13,52
20260329,4,Evening,18,18,72
20260329,4,Night,9,8,32
20260329,5,Morning,15,15,60
20260329,5,Evening,19,19,76
20260329,5,Night,6,5,20
20260329,6,Morning,10,10,40
20260329,6,Evening,16,16,64
20260329,6,Night,8,8,32
20260329,7,Morning,12,12,48
20260329,7,Evening,18,18,72
20260329,7,Night,8,8,32
20260329,8,Morning,15,15,60
20260329,8,Evening,19,18,72
20260329,8,Night,6,6,24
20260329,9,Morning,16,15,60
20260329,9,Evening,18,17,68
20260329,9,Night,9,9,36
20260329,10,Morning,14,13,52
20260329,10,Evening,17,17,68
20260329,10,Night,8,7,28
20260329,11,Morning,13,12,48
20260329,11,Evening,17,17,68
20260329,11,Night,9,9,36
20260329,12,Morning,12,11,44
20260329,12,Evening,17,17,68
20260329,12,Night,8,7,28
20260330,1,Morning,19,19,76
20260330,1,Evening,23,23,92
20260330,1,Night,13,13,52
20260330,2,Morning,15,15,60
20260330,2,Evening,20,20,80
20260330,2,Night,7,6,24
20260330,3,Morning,14,13,52
20260330,3,Evening,14,14,56
20260330,3,Night,9,9,36
20260330,4,Morning,14,14,56
20260330,4,Evening,17,17,68
20260330,4,Night,9,8,32
20260330,5,Morning,15,15,60
20260330,5,Evening,17,17,68
20260330,5,Night,8,8,32
20260330,6,Morning,13,13,52
20260330,6,Evening,20,19,76
20260330,6,Night,10,10,40
20260330,7,Morning,12,12,48
20260330,7,Evening,16,15,60
20260330,7,Night,6,4,16
20260330,8,Morning,11,11,44
20260330,8,Evening,18,17,68
20260330,8,Night,9,7,28
20260330,9,Morning,13,13,52
20260330,9,Evening,18,18,72
20260330,9,Night,10,9,36
20260330,10,Morning,14,14,56
20260330,10,Evening,19,19,76
20260330,10,Night,8,8,32
20260330,11,Morning,14,13,52
20260330,11,Evening,16,15,60
20260330,11,Night,7,7,28
20260330,12,Morning,15,15,60
20260330,12,Evening,19,19,76
20260330,12,Night,10,9,36
20260331,1,Morning,19,19,76
20260331,1,Evening,24,24,96
20260331,1,Night,13,13,52
20260331,2,Morning,16,16,64
20260331,2,Evening,17,17,68
20260331,2,Night,7,7,28
20260331,3,Morning,12,12,48
20260331,3,Evening,20,18,72
20260331,3,Night,6,5,20
20260331,4,Morning,14,13,52
20260331,4,Evening,17,16,64
20260331,4,Night,10,10,40
20260331,5,Morning,14,13,52
20260331,5,Evening,19,19,76
20260331,5,Night,9,9,36
20260331,6,Morning,11,11,44
20260331,6,Evening,16,16,64
20260331,6,Night,9,9,36
20260331,7,Morning,14,14,56
20260331,7,Evening,17,17,68
20260331,7,Night,8,7,28
20260331,8,Morning,15,14,56
20260331,8,Evening,17,16,64
20260331,8,Night,12,11,44
20260331,9,Morning,16,15,60
20260331,9,Evening,19,19,76
20260331,9,Night,10,10,40
20260331,10,Morning,14,14,56
20260331,10,Evening,20,20,80
20260331,10,Night,8,8,32
20260331,11,Morning,14,14,56
20260331,11,Evening,19,19,76
20260331,11,Night,8,8,32
20260331,12,Morning,14,13,52
20260331,12,Evening,18,18,72
20260331,12,Night,8,7,28
20260401,1,Morning,20,20,80
20260401,1,Evening,25,25,100
20260401,1,Night,14,12,48
20260401,2,Morning,13,13,52
20260401,2,Evening,18,18,72
20260401,2,Night,9,8,32
20260401,3,Morning,13,13,52
20260401,3,Evening,20,20,80
20260401,3,Night,9,7,28
20260401,4,Morning,14,14,56
20260401,4,Evening,18,18,72
20260401,4,Night,8,8,32
20260401,5,Morning,16,16,64
20260401,5,Evening,18,18,72
20260401,5,Night,10,9,36
20260401,6,Morning,13,13,52
20260401,6,Evening,20,19,76
20260401,6,Night,8,8,32
20260401,7,Morning,15,15,60
20260401,7,Evening,16,16,64
20260401,7,Night,6,5,20
20260401,8,Morning,14,14,56
20260401,8,Evening,18,18,72
20260401,8,Night,8,8,32
20260401,9,Morning,11,10,40
20260401,9,Evening,21,21,84
20260401,9,Night,9,8,32
20260401,10,Morning,12,12,48
20260401,10,Evening,17,17,68
20260401,10,Night,6,6,24
20260401,11,Morning,15,15,60
20260401,11,Evening,16,16,64
20260401,11,Night,7,7,28
20260401,12,Morning,16,16,64
20260401,12,Evening,17,17,68
20260401,12,Night,9,7,28
20260402,1,Morning,22,20,80
20260402,1,Evening,22,21,84
20260402,1,Night,12,11,44
20260402,2,Morning,15,15,60
20260402,2,Evening,20,20,80
20260402,2,Night,11,11,44
20260402,3,Morning,11,10,40
20260402,3,Evening,21,20,80
20260402,3,Night,8,8,32
20260402,4,Morning,15,14,56
20260402,4,Evening,19,18,72
20260402,4,Night,6,6,24
20260402,5,Morning,17,17,68
20260402,5,Evening,16,16,64
20260402,5,Night,11,10,40
20260402,6,Morning,14,13,52
20260402,6,Evening,16,16,64
20260402,6,Night,11,11,44
20260402,7,Morning,15,14,56
20260402,7,Evening,19,19,76
20260402,7,Night,11,11,44
20260402,8,Morning,14,14,56
20260402,8,Evening,17,16,64
20260402,8,Night,8,7,28
20260402,9,Morning,15,15,60
20260402,9,Evening,18,18,72
20260402,9,Night,5,3,12
20260402,10,Morning,15,15,60
20260402,10,Evening,18,18,72
20260402,10,Night,9,8,32
20260402,11,Morning,15,14,56
20260402,11,Evening,18,18,72
20260402,11,Night,6,5,20
20260402,12,Morning,16,16,64
20260402,12,Evening,18,17,68
20260402,12,Night,6,6,24
20260403,1,Morning,23,23,92
20260403,1,Evening,26,26,104
20260403,1,Night,16,16,64
20260403,2,Morning,14,13,52
20260403,2,Evening,19,19,76
20260403,2,Night,7,7,28
20260403,3,Morning,15,15,60
20260403,3,Evening,18,18,72
20260403,3,Night,9,9,36
20260403,4,Morning,15,13,52
20260403,4,Evening,16,16,64
20260403,4,Night,8,8,32
20260403,5,Morning,14,13,52
20260403,5,Evening,18,18,72
20260403,5,Night,9,9,36
20260403,6,Morning,13,12,48
20260403,6,Evening,20,19,76
20260403,6,Night,9,9,36
20260403,7,Morning,14,14,56
20260403,7,Evening,19,19,76
20260403,7,Night,8,7,28
20260403,8,Morning,13,13,52
20260403,8,Evening,20,19,76
20260403,8,Night,11,11,44
20260403,9,Morning,18,17,68
20260403,9,Evening,17,17,68
20260403,9,Night,9,8,32
20260403,10,Morning,16,15,60
20260403,10,Evening,19,19,76
20260403,10,Night,7,7,28
20260403,11,Morning,14,13,52
20260403,11,Evening,17,16,64
20260403,11,Night,9,9,36
20260403,12,Morning,16,15,60
20260403,12,Evening,18,18,72
20260403,12,Night,8,8,32
20260404,1,Morning,23,22,88
20260404,1,Evening,26,26,104
20260404,1,Night,15,14,56
20260404,2,Morning,16,15,60
20260404,2,Evening,19,19,76
20260404,2,Night,8,8,32
20260404,3,Morning,13,12,48
20260404,3,Evening,16,16,64
20260404,3,Night,7,7,28
20260404,4,Morning,13,13,52
20260404,4,Evening,18,18,72
20260404,4,Night,7,7,28
20260404,5,Morning,16,16,64
20260404,5,Evening,18,17,68
20260404,5,Night,9,9,36
20260404,6,Morning,15,15,60
20260404,6,Evening,18,18,72
20260404,6,Night,9,9,36
20260404,7,Morning,15,14,56
20260404,7,Evening,18,17,68
20260404,7,Night,8,7,28
20260404,8,Morning,14,13,52
20260404,8,Evening,18,18,72
20260404,8,Night,6,5,20
20260404,9,Morning,13,12,48
20260404,9,Evening,18,18,72
20260404,9,Night,6,6,24
20260404,10,Morning,13,13,52
20260404,10,Evening,21,20,80
20260404,10,Night,9,9,36
20260404,11,Morning,11,11,44
20260404,11,Evening,18,17,68
20260404,11,Night,9,9,36
20260404,12,Morning,14,13,52
20260404,12,Evening,16,16,64
20260404,12,Night,7,6,24
20260405,1,Morning,23,23,92
20260405,1,Evening,25,25,100
20260405,1,Night,14,12,48
20260405,2,Morning,14,14,56
20260405,2,Evening,20,20,80
20260405,2,Night,7,7,28
20260405,3,Morning,13,12,48
20260405,3,Evening,18,18,72
20260405,3,Night,7,7,28
20260405,4,Morning,15,14,56
20260405,4,Evening,17,16,64
20260405,4,Night,8,8,32
20260405,5,Morning,12,12,48
20260405,5,Evening,16,16,64
20260405,5,Night,11,11,44
20260405,6,Morning,12,11,44
20260405,6,Evening,19,19,76
20260405,6,Night,10,10,40
20260405,7,Morning,17,16,64
20260405,7,Evening,15,15,60
20260405,7,Night,10,10,40
20260405,8,Morning,12,12,48
20260405,8,Evening,18,17,68
20260405,8,Night,9,9,36
20260405,9,Morning,12,12,48
20260405,9,Evening,19,19,76
20260405,9,Night,6,5,20
20260405,10,Morning,16,15,60
20260405,10,Evening,20,19,76
20260405,10,Night,9,9,36
20260405,11,Morning,13,13,52
20260405,11,Evening,17,17,68
20260405,11,Night,9,8,32
20260405,12,Morning,12,11,44
20260405,12,Evening,16,16,64
20260405,12,Night,7,6,24
